file,line,type,commit,author,date,time,timezone,datetime,depth,length
style.css,1,css,0d917888,Karina Shah,2025-04-09,21:52:01,-07:00,2025-04-09T21:52:01-07:00,0,6
style.css,2,css,f6b355f5,Karina Shah,2025-04-21,15:58:10,-07:00,2025-04-21T15:58:10-07:00,0,34
style.css,3,css,f6b355f5,Karina Shah,2025-04-21,15:58:10,-07:00,2025-04-21T15:58:10-07:00,0,39
style.css,4,css,37b1f9cf,Karina Shah,2025-04-09,22:02:18,-07:00,2025-04-09T22:02:18-07:00,0,33
style.css,5,css,0d917888,Karina Shah,2025-04-09,21:52:01,-07:00,2025-04-09T21:52:01-07:00,0,0
style.css,6,css,0d917888,Karina Shah,2025-04-09,21:52:01,-07:00,2025-04-09T21:52:01-07:00,0,0
style.css,7,css,87a993f7,Karina Shah,2025-04-18,15:57:52,-07:00,2025-04-18T15:57:52-07:00,0,17
style.css,8,css,87a993f7,Karina Shah,2025-04-18,15:57:52,-07:00,2025-04-18T15:57:52-07:00,0,11
style.css,9,css,f6b355f5,Karina Shah,2025-04-21,15:58:10,-07:00,2025-04-21T15:58:10-07:00,0,35
style.css,10,css,b156778f,Karina Shah,2025-04-21,16:14:22,-07:00,2025-04-21T16:14:22-07:00,0,22
style.css,11,css,f6b355f5,Karina Shah,2025-04-21,15:58:10,-07:00,2025-04-21T15:58:10-07:00,0,34
style.css,12,css,f6b355f5,Karina Shah,2025-04-21,15:58:10,-07:00,2025-04-21T15:58:10-07:00,0,43
style.css,13,css,f6b355f5,Karina Shah,2025-04-21,15:58:10,-07:00,2025-04-21T15:58:10-07:00,0,39
style.css,14,css,f6b355f5,Karina Shah,2025-04-21,15:58:10,-07:00,2025-04-21T15:58:10-07:00,0,39
style.css,15,css,87a993f7,Karina Shah,2025-04-18,15:57:52,-07:00,2025-04-18T15:57:52-07:00,0,0
style.css,16,css,87a993f7,Karina Shah,2025-04-18,15:57:52,-07:00,2025-04-18T15:57:52-07:00,0,0
style.css,17,css,87a993f7,Karina Shah,2025-04-18,15:57:52,-07:00,2025-04-18T15:57:52-07:00,0,10
style.css,18,css,f6b355f5,Karina Shah,2025-04-21,15:58:10,-07:00,2025-04-21T15:58:10-07:00,0,35
style.css,19,css,f6b355f5,Karina Shah,2025-04-21,15:58:10,-07:00,2025-04-21T15:58:10-07:00,0,24
style.css,20,css,f6b355f5,Karina Shah,2025-04-21,15:58:10,-07:00,2025-04-21T15:58:10-07:00,0,34
style.css,21,css,f6b355f5,Karina Shah,2025-04-21,15:58:10,-07:00,2025-04-21T15:58:10-07:00,0,42
style.css,22,css,f6b355f5,Karina Shah,2025-04-21,15:58:10,-07:00,2025-04-21T15:58:10-07:00,0,38
style.css,23,css,f6b355f5,Karina Shah,2025-04-21,15:58:10,-07:00,2025-04-21T15:58:10-07:00,0,39
style.css,24,css,87a993f7,Karina Shah,2025-04-18,15:57:52,-07:00,2025-04-18T15:57:52-07:00,0,0
style.css,25,css,87a993f7,Karina Shah,2025-04-18,15:57:52,-07:00,2025-04-18T15:57:52-07:00,0,0
style.css,26,css,87a993f7,Karina Shah,2025-04-18,15:57:52,-07:00,2025-04-18T15:57:52-07:00,0,36
style.css,27,css,87a993f7,Karina Shah,2025-04-18,15:57:52,-07:00,2025-04-18T15:57:52-07:00,0,10
style.css,28,css,f6b355f5,Karina Shah,2025-04-21,15:58:10,-07:00,2025-04-21T15:58:10-07:00,0,35
style.css,29,css,f6b355f5,Karina Shah,2025-04-21,15:58:10,-07:00,2025-04-21T15:58:10-07:00,0,24
style.css,30,css,f6b355f5,Karina Shah,2025-04-21,15:58:10,-07:00,2025-04-21T15:58:10-07:00,0,34
style.css,31,css,f6b355f5,Karina Shah,2025-04-21,15:58:10,-07:00,2025-04-21T15:58:10-07:00,0,42
style.css,32,css,f6b355f5,Karina Shah,2025-04-21,15:58:10,-07:00,2025-04-21T15:58:10-07:00,0,38
style.css,33,css,f6b355f5,Karina Shah,2025-04-21,15:58:10,-07:00,2025-04-21T15:58:10-07:00,0,39
style.css,34,css,87a993f7,Karina Shah,2025-04-18,15:57:52,-07:00,2025-04-18T15:57:52-07:00,0,0
style.css,35,css,87a993f7,Karina Shah,2025-04-18,15:57:52,-07:00,2025-04-18T15:57:52-07:00,0,0
style.css,36,css,87a993f7,Karina Shah,2025-04-18,15:57:52,-07:00,2025-04-18T15:57:52-07:00,0,0
style.css,37,css,87a993f7,Karina Shah,2025-04-18,15:57:52,-07:00,2025-04-18T15:57:52-07:00,0,37
style.css,38,css,87a993f7,Karina Shah,2025-04-18,15:57:52,-07:00,2025-04-18T15:57:52-07:00,0,10
style.css,39,css,f6b355f5,Karina Shah,2025-04-21,15:58:10,-07:00,2025-04-21T15:58:10-07:00,0,35
style.css,40,css,f6b355f5,Karina Shah,2025-04-21,15:58:10,-07:00,2025-04-21T15:58:10-07:00,0,24
style.css,41,css,f6b355f5,Karina Shah,2025-04-21,15:58:10,-07:00,2025-04-21T15:58:10-07:00,0,34
style.css,42,css,f6b355f5,Karina Shah,2025-04-21,15:58:10,-07:00,2025-04-21T15:58:10-07:00,0,43
style.css,43,css,f6b355f5,Karina Shah,2025-04-21,15:58:10,-07:00,2025-04-21T15:58:10-07:00,0,39
style.css,44,css,f6b355f5,Karina Shah,2025-04-21,15:58:10,-07:00,2025-04-21T15:58:10-07:00,0,39
style.css,45,css,87a993f7,Karina Shah,2025-04-18,15:57:52,-07:00,2025-04-18T15:57:52-07:00,0,0
style.css,46,css,125b7044,Karina Shah,2025-04-18,15:28:46,-07:00,2025-04-18T15:28:46-07:00,0,0
style.css,47,css,f9d7cfaa,Karina Shah,2025-04-10,12:38:48,-07:00,2025-04-10T12:38:48-07:00,0,0
style.css,48,css,0d917888,Karina Shah,2025-04-09,21:52:01,-07:00,2025-04-09T21:52:01-07:00,0,24
style.css,49,css,36a19109,Karina Shah,2025-04-04,16:01:06,-07:00,2025-04-04T16:01:06-07:00,0,5
style.css,50,css,36a19109,Karina Shah,2025-04-04,16:01:06,-07:00,2025-04-04T16:01:06-07:00,0,24
style.css,51,css,5bc14d97,Karina Shah,2025-04-09,19:10:57,-07:00,2025-04-09T19:10:57-07:00,0,16
style.css,52,css,5bc14d97,Karina Shah,2025-04-09,19:10:57,-07:00,2025-04-09T19:10:57-07:00,0,43
style.css,53,css,0d917888,Karina Shah,2025-04-09,21:52:01,-07:00,2025-04-09T21:52:01-07:00,0,19
style.css,54,css,87a993f7,Karina Shah,2025-04-18,15:57:52,-07:00,2025-04-18T15:57:52-07:00,0,19
style.css,55,css,87a993f7,Karina Shah,2025-04-18,15:57:52,-07:00,2025-04-18T15:57:52-07:00,0,14
style.css,56,css,36a19109,Karina Shah,2025-04-04,16:01:06,-07:00,2025-04-04T16:01:06-07:00,0,0
style.css,57,css,36a19109,Karina Shah,2025-04-04,16:01:06,-07:00,2025-04-04T16:01:06-07:00,0,0
style.css,58,css,d56d112b,Karina Shah,2025-04-09,22:23:53,-07:00,2025-04-09T22:23:53-07:00,0,5
style.css,59,css,d56d112b,Karina Shah,2025-04-09,22:23:53,-07:00,2025-04-09T22:23:53-07:00,0,8
style.css,60,css,d56d112b,Karina Shah,2025-04-09,22:23:53,-07:00,2025-04-09T22:23:53-07:00,0,7
style.css,61,css,d56d112b,Karina Shah,2025-04-09,22:23:53,-07:00,2025-04-09T22:23:53-07:00,0,13
style.css,62,css,d56d112b,Karina Shah,2025-04-09,22:23:53,-07:00,2025-04-09T22:23:53-07:00,0,0
style.css,63,css,d56d112b,Karina Shah,2025-04-09,22:23:53,-07:00,2025-04-09T22:23:53-07:00,0,0
style.css,64,css,0d917888,Karina Shah,2025-04-09,21:52:01,-07:00,2025-04-09T21:52:01-07:00,0,17
style.css,65,css,36a19109,Karina Shah,2025-04-04,16:01:06,-07:00,2025-04-04T16:01:06-07:00,0,4
style.css,66,css,0d917888,Karina Shah,2025-04-09,21:52:01,-07:00,2025-04-09T21:52:01-07:00,0,11
style.css,67,css,0d917888,Karina Shah,2025-04-09,21:52:01,-07:00,2025-04-09T21:52:01-07:00,0,16
style.css,68,css,0d917888,Karina Shah,2025-04-09,21:52:01,-07:00,2025-04-09T21:52:01-07:00,0,12
style.css,69,css,0d917888,Karina Shah,2025-04-09,21:52:01,-07:00,2025-04-09T21:52:01-07:00,0,14
style.css,70,css,0d917888,Karina Shah,2025-04-09,21:52:01,-07:00,2025-04-09T21:52:01-07:00,0,17
style.css,71,css,0d917888,Karina Shah,2025-04-09,21:52:01,-07:00,2025-04-09T21:52:01-07:00,0,18
style.css,72,css,51140d60,Karina Shah,2025-04-09,19:44:36,-07:00,2025-04-09T19:44:36-07:00,0,0
style.css,73,css,51140d60,Karina Shah,2025-04-09,19:44:36,-07:00,2025-04-09T19:44:36-07:00,0,0
style.css,74,css,0d917888,Karina Shah,2025-04-09,21:52:01,-07:00,2025-04-09T21:52:01-07:00,0,29
style.css,75,css,51140d60,Karina Shah,2025-04-09,19:44:36,-07:00,2025-04-09T19:44:36-07:00,0,4
style.css,76,css,51140d60,Karina Shah,2025-04-09,19:44:36,-07:00,2025-04-09T19:44:36-07:00,0,13
style.css,77,css,37b1f9cf,Karina Shah,2025-04-09,22:02:18,-07:00,2025-04-09T22:02:18-07:00,0,21
style.css,78,css,51140d60,Karina Shah,2025-04-09,19:44:36,-07:00,2025-04-09T19:44:36-07:00,0,8
style.css,79,css,37b1f9cf,Karina Shah,2025-04-09,22:02:18,-07:00,2025-04-09T22:02:18-07:00,0,14
style.css,80,css,37b1f9cf,Karina Shah,2025-04-09,22:02:18,-07:00,2025-04-09T22:02:18-07:00,0,18
style.css,81,css,51140d60,Karina Shah,2025-04-09,19:44:36,-07:00,2025-04-09T19:44:36-07:00,0,23
style.css,82,css,37b1f9cf,Karina Shah,2025-04-09,22:02:18,-07:00,2025-04-09T22:02:18-07:00,0,14
style.css,83,css,51140d60,Karina Shah,2025-04-09,19:44:36,-07:00,2025-04-09T19:44:36-07:00,0,19
style.css,84,css,8e9b695e,Karina Shah,2025-04-18,16:39:19,-07:00,2025-04-18T16:39:19-07:00,0,44
style.css,85,css,0d917888,Karina Shah,2025-04-09,21:52:01,-07:00,2025-04-09T21:52:01-07:00,0,18
style.css,86,css,0d917888,Karina Shah,2025-04-09,21:52:01,-07:00,2025-04-09T21:52:01-07:00,0,0
style.css,87,css,0d917888,Karina Shah,2025-04-09,21:52:01,-07:00,2025-04-09T21:52:01-07:00,0,0
style.css,88,css,0d917888,Karina Shah,2025-04-09,21:52:01,-07:00,2025-04-09T21:52:01-07:00,0,14
style.css,89,css,0d917888,Karina Shah,2025-04-09,21:52:01,-07:00,2025-04-09T21:52:01-07:00,0,6
style.css,90,css,0d917888,Karina Shah,2025-04-09,21:52:01,-07:00,2025-04-09T21:52:01-07:00,0,7
style.css,91,css,0d917888,Karina Shah,2025-04-09,21:52:01,-07:00,2025-04-09T21:52:01-07:00,0,18
style.css,92,css,0d917888,Karina Shah,2025-04-09,21:52:01,-07:00,2025-04-09T21:52:01-07:00,0,14
style.css,93,css,0d917888,Karina Shah,2025-04-09,21:52:01,-07:00,2025-04-09T21:52:01-07:00,0,21
style.css,94,css,0d917888,Karina Shah,2025-04-09,21:52:01,-07:00,2025-04-09T21:52:01-07:00,0,14
style.css,95,css,0d917888,Karina Shah,2025-04-09,21:52:01,-07:00,2025-04-09T21:52:01-07:00,0,38
style.css,96,css,0d917888,Karina Shah,2025-04-09,21:52:01,-07:00,2025-04-09T21:52:01-07:00,0,52
style.css,97,css,0d917888,Karina Shah,2025-04-09,21:52:01,-07:00,2025-04-09T21:52:01-07:00,0,0
style.css,98,css,0d917888,Karina Shah,2025-04-09,21:52:01,-07:00,2025-04-09T21:52:01-07:00,0,0
style.css,99,css,0d917888,Karina Shah,2025-04-09,21:52:01,-07:00,2025-04-09T21:52:01-07:00,0,22
style.css,100,css,0d917888,Karina Shah,2025-04-09,21:52:01,-07:00,2025-04-09T21:52:01-07:00,0,14
style.css,101,css,c41fc176,Karina Shah,2025-04-18,16:28:49,-07:00,2025-04-18T16:28:49-07:00,0,46
style.css,102,css,0d917888,Karina Shah,2025-04-09,21:52:01,-07:00,2025-04-09T21:52:01-07:00,0,21
style.css,103,css,0d917888,Karina Shah,2025-04-09,21:52:01,-07:00,2025-04-09T21:52:01-07:00,0,0
style.css,104,css,0d917888,Karina Shah,2025-04-09,21:52:01,-07:00,2025-04-09T21:52:01-07:00,0,0
style.css,105,css,0d917888,Karina Shah,2025-04-09,21:52:01,-07:00,2025-04-09T21:52:01-07:00,0,18
style.css,106,css,0d917888,Karina Shah,2025-04-09,21:52:01,-07:00,2025-04-09T21:52:01-07:00,0,12
style.css,107,css,f763c3f2,Karina Shah,2025-04-18,16:31:31,-07:00,2025-04-18T16:31:31-07:00,0,46
style.css,108,css,c41fc176,Karina Shah,2025-04-18,16:28:49,-07:00,2025-04-18T16:28:49-07:00,0,26
style.css,109,css,6031b238,Karina Shah,2025-04-18,16:09:03,-07:00,2025-04-18T16:09:03-07:00,0,21
style.css,110,css,4eaff81c,Karina Shah,2025-04-21,13:42:19,-07:00,2025-04-21T13:42:19-07:00,0,67
style.css,111,css,6031b238,Karina Shah,2025-04-18,16:09:03,-07:00,2025-04-18T16:09:03-07:00,0,0
style.css,112,css,6031b238,Karina Shah,2025-04-18,16:09:03,-07:00,2025-04-18T16:09:03-07:00,0,0
style.css,113,css,61b868b7,Karina Shah,2025-04-18,16:54:09,-07:00,2025-04-18T16:54:09-07:00,0,25
style.css,114,css,6031b238,Karina Shah,2025-04-18,16:09:03,-07:00,2025-04-18T16:09:03-07:00,0,36
style.css,115,css,6031b238,Karina Shah,2025-04-18,16:09:03,-07:00,2025-04-18T16:09:03-07:00,0,12
style.css,116,css,42220c19,Karina Shah,2025-04-18,16:42:22,-07:00,2025-04-18T16:42:22-07:00,0,70
style.css,117,css,9f8728d7,Karina Shah,2025-04-18,16:13:03,-07:00,2025-04-18T16:13:03-07:00,0,0
style.css,118,css,61b868b7,Karina Shah,2025-04-18,16:54:09,-07:00,2025-04-18T16:54:09-07:00,0,3
style.css,119,css,61b868b7,Karina Shah,2025-04-18,16:54:09,-07:00,2025-04-18T16:54:09-07:00,0,0
style.css,120,css,61b868b7,Karina Shah,2025-04-18,16:54:09,-07:00,2025-04-18T16:54:09-07:00,0,36
style.css,121,css,61b868b7,Karina Shah,2025-04-18,16:54:09,-07:00,2025-04-18T16:54:09-07:00,0,12
style.css,122,css,61b868b7,Karina Shah,2025-04-18,16:54:09,-07:00,2025-04-18T16:54:09-07:00,0,67
style.css,123,css,61b868b7,Karina Shah,2025-04-18,16:54:09,-07:00,2025-04-18T16:54:09-07:00,0,70
style.css,124,css,61b868b7,Karina Shah,2025-04-18,16:54:09,-07:00,2025-04-18T16:54:09-07:00,0,60
style.css,125,css,61b868b7,Karina Shah,2025-04-18,16:54:09,-07:00,2025-04-18T16:54:09-07:00,0,0
style.css,126,css,0d917888,Karina Shah,2025-04-09,21:52:01,-07:00,2025-04-09T21:52:01-07:00,0,0
style.css,127,css,0d917888,Karina Shah,2025-04-09,21:52:01,-07:00,2025-04-09T21:52:01-07:00,0,0
style.css,128,css,0d917888,Karina Shah,2025-04-09,21:52:01,-07:00,2025-04-09T21:52:01-07:00,0,13
style.css,129,css,0d917888,Karina Shah,2025-04-09,21:52:01,-07:00,2025-04-09T21:52:01-07:00,0,23
style.css,130,css,0d917888,Karina Shah,2025-04-09,21:52:01,-07:00,2025-04-09T21:52:01-07:00,0,16
style.css,131,css,0d917888,Karina Shah,2025-04-09,21:52:01,-07:00,2025-04-09T21:52:01-07:00,0,18
style.css,132,css,0d917888,Karina Shah,2025-04-09,21:52:01,-07:00,2025-04-09T21:52:01-07:00,0,0
style.css,133,css,0d917888,Karina Shah,2025-04-09,21:52:01,-07:00,2025-04-09T21:52:01-07:00,0,0
style.css,134,css,0d917888,Karina Shah,2025-04-09,21:52:01,-07:00,2025-04-09T21:52:01-07:00,0,3
style.css,135,css,0d917888,Karina Shah,2025-04-09,21:52:01,-07:00,2025-04-09T21:52:01-07:00,0,15
style.css,136,css,0d917888,Karina Shah,2025-04-09,21:52:01,-07:00,2025-04-09T21:52:01-07:00,0,17
style.css,137,css,0d917888,Karina Shah,2025-04-09,21:52:01,-07:00,2025-04-09T21:52:01-07:00,0,20
style.css,138,css,0d917888,Karina Shah,2025-04-09,21:52:01,-07:00,2025-04-09T21:52:01-07:00,0,0
style.css,139,css,d56d112b,Karina Shah,2025-04-09,22:23:53,-07:00,2025-04-09T22:23:53-07:00,0,0
style.css,140,css,d56d112b,Karina Shah,2025-04-09,22:23:53,-07:00,2025-04-09T22:23:53-07:00,0,24
style.css,141,css,d56d112b,Karina Shah,2025-04-09,22:23:53,-07:00,2025-04-09T22:23:53-07:00,0,5
style.css,142,css,d56d112b,Karina Shah,2025-04-09,22:23:53,-07:00,2025-04-09T22:23:53-07:00,0,16
style.css,143,css,d56d112b,Karina Shah,2025-04-09,22:23:53,-07:00,2025-04-09T22:23:53-07:00,0,14
style.css,144,css,d56d112b,Karina Shah,2025-04-09,22:23:53,-07:00,2025-04-09T22:23:53-07:00,0,0
style.css,145,css,d56d112b,Karina Shah,2025-04-09,22:23:53,-07:00,2025-04-09T22:23:53-07:00,0,0
style.css,146,css,d56d112b,Karina Shah,2025-04-09,22:23:53,-07:00,2025-04-09T22:23:53-07:00,0,6
style.css,147,css,d56d112b,Karina Shah,2025-04-09,22:23:53,-07:00,2025-04-09T22:23:53-07:00,0,14
style.css,148,css,d56d112b,Karina Shah,2025-04-09,22:23:53,-07:00,2025-04-09T22:23:53-07:00,0,17
style.css,149,css,d56d112b,Karina Shah,2025-04-09,22:23:53,-07:00,2025-04-09T22:23:53-07:00,0,26
style.css,150,css,d56d112b,Karina Shah,2025-04-09,22:23:53,-07:00,2025-04-09T22:23:53-07:00,0,0
style.css,151,css,d56d112b,Karina Shah,2025-04-09,22:23:53,-07:00,2025-04-09T22:23:53-07:00,0,0
style.css,152,css,d56d112b,Karina Shah,2025-04-09,22:23:53,-07:00,2025-04-09T22:23:53-07:00,0,5
style.css,153,css,d56d112b,Karina Shah,2025-04-09,22:23:53,-07:00,2025-04-09T22:23:53-07:00,0,8
style.css,154,css,d56d112b,Karina Shah,2025-04-09,22:23:53,-07:00,2025-04-09T22:23:53-07:00,0,7
style.css,155,css,d56d112b,Karina Shah,2025-04-09,22:23:53,-07:00,2025-04-09T22:23:53-07:00,0,14
style.css,156,css,d56d112b,Karina Shah,2025-04-09,22:23:53,-07:00,2025-04-09T22:23:53-07:00,0,11
style.css,157,css,d56d112b,Karina Shah,2025-04-09,22:23:53,-07:00,2025-04-09T22:23:53-07:00,0,22
style.css,158,css,d56d112b,Karina Shah,2025-04-09,22:23:53,-07:00,2025-04-09T22:23:53-07:00,0,13
style.css,159,css,d56d112b,Karina Shah,2025-04-09,22:23:53,-07:00,2025-04-09T22:23:53-07:00,0,14
style.css,160,css,8e9b695e,Karina Shah,2025-04-18,16:39:19,-07:00,2025-04-18T16:39:19-07:00,0,37
style.css,161,css,d56d112b,Karina Shah,2025-04-09,22:23:53,-07:00,2025-04-09T22:23:53-07:00,0,18
style.css,162,css,d56d112b,Karina Shah,2025-04-09,22:23:53,-07:00,2025-04-09T22:23:53-07:00,0,18
style.css,163,css,d56d112b,Karina Shah,2025-04-09,22:23:53,-07:00,2025-04-09T22:23:53-07:00,0,0
style.css,164,css,d56d112b,Karina Shah,2025-04-09,22:23:53,-07:00,2025-04-09T22:23:53-07:00,0,0
style.css,165,css,d56d112b,Karina Shah,2025-04-09,22:23:53,-07:00,2025-04-09T22:23:53-07:00,0,7
style.css,166,css,d56d112b,Karina Shah,2025-04-09,22:23:53,-07:00,2025-04-09T22:23:53-07:00,0,37
style.css,167,css,d56d112b,Karina Shah,2025-04-09,22:23:53,-07:00,2025-04-09T22:23:53-07:00,0,12
style.css,168,css,d56d112b,Karina Shah,2025-04-09,22:23:53,-07:00,2025-04-09T22:23:53-07:00,0,17
style.css,169,css,d56d112b,Karina Shah,2025-04-09,22:23:53,-07:00,2025-04-09T22:23:53-07:00,0,15
style.css,170,css,d56d112b,Karina Shah,2025-04-09,22:23:53,-07:00,2025-04-09T22:23:53-07:00,0,12
style.css,171,css,d56d112b,Karina Shah,2025-04-09,22:23:53,-07:00,2025-04-09T22:23:53-07:00,0,33
style.css,172,css,d56d112b,Karina Shah,2025-04-09,22:23:53,-07:00,2025-04-09T22:23:53-07:00,0,0
style.css,173,css,d56d112b,Karina Shah,2025-04-09,22:23:53,-07:00,2025-04-09T22:23:53-07:00,0,0
style.css,174,css,61b868b7,Karina Shah,2025-04-18,16:54:09,-07:00,2025-04-18T16:54:09-07:00,0,16
style.css,175,css,d56d112b,Karina Shah,2025-04-09,22:23:53,-07:00,2025-04-09T22:23:53-07:00,0,59
style.css,176,css,61b868b7,Karina Shah,2025-04-18,16:54:09,-07:00,2025-04-18T16:54:09-07:00,0,3
style.css,177,css,61b868b7,Karina Shah,2025-04-18,16:54:09,-07:00,2025-04-18T16:54:09-07:00,0,13
style.css,178,css,61b868b7,Karina Shah,2025-04-18,16:54:09,-07:00,2025-04-18T16:54:09-07:00,0,106
style.css,179,css,d56d112b,Karina Shah,2025-04-09,22:23:53,-07:00,2025-04-09T22:23:53-07:00,0,0
style.css,180,css,d56d112b,Karina Shah,2025-04-09,22:23:53,-07:00,2025-04-09T22:23:53-07:00,0,0
style.css,181,css,87a993f7,Karina Shah,2025-04-18,15:57:52,-07:00,2025-04-18T15:57:52-07:00,0,13
style.css,182,css,87a993f7,Karina Shah,2025-04-18,15:57:52,-07:00,2025-04-18T15:57:52-07:00,0,38
style.css,183,css,87a993f7,Karina Shah,2025-04-18,15:57:52,-07:00,2025-04-18T15:57:52-07:00,0,19
style.css,184,css,87a993f7,Karina Shah,2025-04-18,15:57:52,-07:00,2025-04-18T15:57:52-07:00,0,0
style.css,185,css,87a993f7,Karina Shah,2025-04-18,15:57:52,-07:00,2025-04-18T15:57:52-07:00,0,0
style.css,186,css,ee65093e,Karina Shah,2025-04-09,23:00:56,-07:00,2025-04-09T23:00:56-07:00,0,18
style.css,187,css,ee65093e,Karina Shah,2025-04-09,23:00:56,-07:00,2025-04-09T23:00:56-07:00,0,10
style.css,188,css,ee65093e,Karina Shah,2025-04-09,23:00:56,-07:00,2025-04-09T23:00:56-07:00,0,13
style.css,189,css,ee65093e,Karina Shah,2025-04-09,23:00:56,-07:00,2025-04-09T23:00:56-07:00,0,59
style.css,190,css,ee65093e,Karina Shah,2025-04-09,23:00:56,-07:00,2025-04-09T23:00:56-07:00,0,8
style.css,191,css,ee65093e,Karina Shah,2025-04-09,23:00:56,-07:00,2025-04-09T23:00:56-07:00,0,18
style.css,192,css,ee65093e,Karina Shah,2025-04-09,23:00:56,-07:00,2025-04-09T23:00:56-07:00,0,23
style.css,193,css,ee65093e,Karina Shah,2025-04-09,23:00:56,-07:00,2025-04-09T23:00:56-07:00,0,0
style.css,194,css,ee65093e,Karina Shah,2025-04-09,23:00:56,-07:00,2025-04-09T23:00:56-07:00,0,0
style.css,195,css,ee65093e,Karina Shah,2025-04-09,23:00:56,-07:00,2025-04-09T23:00:56-07:00,0,18
style.css,196,css,ee65093e,Karina Shah,2025-04-09,23:00:56,-07:00,2025-04-09T23:00:56-07:00,0,13
style.css,197,css,ee65093e,Karina Shah,2025-04-09,23:00:56,-07:00,2025-04-09T23:00:56-07:00,0,27
style.css,198,css,ee65093e,Karina Shah,2025-04-09,23:00:56,-07:00,2025-04-09T23:00:56-07:00,0,16
style.css,199,css,fc4404d7,Karina Shah,2025-04-21,15:43:34,-07:00,2025-04-21T15:43:34-07:00,0,30
style.css,200,css,ee65093e,Karina Shah,2025-04-09,23:00:56,-07:00,2025-04-09T23:00:56-07:00,0,12
style.css,201,css,ee65093e,Karina Shah,2025-04-09,23:00:56,-07:00,2025-04-09T23:00:56-07:00,0,18
style.css,202,css,ee65093e,Karina Shah,2025-04-09,23:00:56,-07:00,2025-04-09T23:00:56-07:00,0,44
style.css,203,css,ee65093e,Karina Shah,2025-04-09,23:00:56,-07:00,2025-04-09T23:00:56-07:00,0,38
style.css,204,css,ee65093e,Karina Shah,2025-04-09,23:00:56,-07:00,2025-04-09T23:00:56-07:00,0,0
style.css,205,css,ee65093e,Karina Shah,2025-04-09,23:00:56,-07:00,2025-04-09T23:00:56-07:00,0,0
style.css,206,css,ee65093e,Karina Shah,2025-04-09,23:00:56,-07:00,2025-04-09T23:00:56-07:00,0,24
style.css,207,css,ee65093e,Karina Shah,2025-04-09,23:00:56,-07:00,2025-04-09T23:00:56-07:00,0,27
style.css,208,css,ee65093e,Karina Shah,2025-04-09,23:00:56,-07:00,2025-04-09T23:00:56-07:00,0,0
style.css,209,css,ee65093e,Karina Shah,2025-04-09,23:00:56,-07:00,2025-04-09T23:00:56-07:00,0,0
style.css,210,css,ee65093e,Karina Shah,2025-04-09,23:00:56,-07:00,2025-04-09T23:00:56-07:00,0,13
style.css,211,css,ee65093e,Karina Shah,2025-04-09,23:00:56,-07:00,2025-04-09T23:00:56-07:00,0,17
style.css,212,css,ee65093e,Karina Shah,2025-04-09,23:00:56,-07:00,2025-04-09T23:00:56-07:00,0,9
style.css,213,css,ee65093e,Karina Shah,2025-04-09,23:00:56,-07:00,2025-04-09T23:00:56-07:00,0,0
style.css,214,css,ee65093e,Karina Shah,2025-04-09,23:00:56,-07:00,2025-04-09T23:00:56-07:00,0,0
style.css,215,css,ee65093e,Karina Shah,2025-04-09,23:00:56,-07:00,2025-04-09T23:00:56-07:00,0,14
style.css,216,css,ee65093e,Karina Shah,2025-04-09,23:00:56,-07:00,2025-04-09T23:00:56-07:00,0,11
style.css,217,css,ee65093e,Karina Shah,2025-04-09,23:00:56,-07:00,2025-04-09T23:00:56-07:00,0,12
style.css,218,css,ee65093e,Karina Shah,2025-04-09,23:00:56,-07:00,2025-04-09T23:00:56-07:00,0,18
style.css,219,css,ee65093e,Karina Shah,2025-04-09,23:00:56,-07:00,2025-04-09T23:00:56-07:00,0,18
style.css,220,css,ee65093e,Karina Shah,2025-04-09,23:00:56,-07:00,2025-04-09T23:00:56-07:00,0,0
style.css,221,css,ee65093e,Karina Shah,2025-04-09,23:00:56,-07:00,2025-04-09T23:00:56-07:00,0,0
style.css,222,css,ee65093e,Karina Shah,2025-04-09,23:00:56,-07:00,2025-04-09T23:00:56-07:00,0,12
style.css,223,css,ee65093e,Karina Shah,2025-04-09,23:00:56,-07:00,2025-04-09T23:00:56-07:00,0,17
style.css,224,css,ee65093e,Karina Shah,2025-04-09,23:00:56,-07:00,2025-04-09T23:00:56-07:00,0,16
style.css,225,css,ee65093e,Karina Shah,2025-04-09,23:00:56,-07:00,2025-04-09T23:00:56-07:00,0,0
style.css,226,css,ee65093e,Karina Shah,2025-04-09,23:00:56,-07:00,2025-04-09T23:00:56-07:00,0,0
style.css,227,css,329fdbb6,Karina Shah,2025-04-10,12:42:08,-07:00,2025-04-10T12:42:08-07:00,0,27
style.css,228,css,329fdbb6,Karina Shah,2025-04-10,12:42:08,-07:00,2025-04-10T12:42:08-07:00,0,12
style.css,229,css,1a89c519,Karina Shah,2025-04-18,15:52:12,-07:00,2025-04-18T15:52:12-07:00,0,18
style.css,230,css,1a89c519,Karina Shah,2025-04-18,15:52:12,-07:00,2025-04-18T15:52:12-07:00,0,0
style.css,231,css,1a89c519,Karina Shah,2025-04-18,15:52:12,-07:00,2025-04-18T15:52:12-07:00,0,0
style.css,232,css,1a89c519,Karina Shah,2025-04-18,15:52:12,-07:00,2025-04-18T15:52:12-07:00,0,8
style.css,233,css,1a89c519,Karina Shah,2025-04-18,15:52:12,-07:00,2025-04-18T15:52:12-07:00,0,20
style.css,234,css,1a89c519,Karina Shah,2025-04-18,15:52:12,-07:00,2025-04-18T15:52:12-07:00,0,21
style.css,235,css,8e9b695e,Karina Shah,2025-04-18,16:39:19,-07:00,2025-04-18T16:39:19-07:00,0,44
style.css,236,css,1a89c519,Karina Shah,2025-04-18,15:52:12,-07:00,2025-04-18T15:52:12-07:00,0,0
style.css,237,css,1a89c519,Karina Shah,2025-04-18,15:52:12,-07:00,2025-04-18T15:52:12-07:00,0,0
style.css,238,css,1a89c519,Karina Shah,2025-04-18,15:52:12,-07:00,2025-04-18T15:52:12-07:00,0,20
style.css,239,css,1a89c519,Karina Shah,2025-04-18,15:52:12,-07:00,2025-04-18T15:52:12-07:00,0,17
style.css,240,css,880c4842,Karina Shah,2025-04-21,16:18:11,-07:00,2025-04-21T16:18:11-07:00,0,14
style.css,241,css,1a89c519,Karina Shah,2025-04-18,15:52:12,-07:00,2025-04-18T15:52:12-07:00,0,20
style.css,242,css,1a89c519,Karina Shah,2025-04-18,15:52:12,-07:00,2025-04-18T15:52:12-07:00,0,0
style.css,243,css,1a89c519,Karina Shah,2025-04-18,15:52:12,-07:00,2025-04-18T15:52:12-07:00,0,0
style.css,244,css,1a89c519,Karina Shah,2025-04-18,15:52:12,-07:00,2025-04-18T15:52:12-07:00,0,8
style.css,245,css,1a89c519,Karina Shah,2025-04-18,15:52:12,-07:00,2025-04-18T15:52:12-07:00,0,20
style.css,246,css,1a89c519,Karina Shah,2025-04-18,15:52:12,-07:00,2025-04-18T15:52:12-07:00,0,0
style.css,247,css,1a89c519,Karina Shah,2025-04-18,15:52:12,-07:00,2025-04-18T15:52:12-07:00,0,0
style.css,248,css,1a89c519,Karina Shah,2025-04-18,15:52:12,-07:00,2025-04-18T15:52:12-07:00,0,11
style.css,249,css,1a89c519,Karina Shah,2025-04-18,15:52:12,-07:00,2025-04-18T15:52:12-07:00,0,17
style.css,250,css,1a89c519,Karina Shah,2025-04-18,15:52:12,-07:00,2025-04-18T15:52:12-07:00,0,20
style.css,251,css,880c4842,Karina Shah,2025-04-21,16:18:11,-07:00,2025-04-21T16:18:11-07:00,0,14
style.css,252,css,1a89c519,Karina Shah,2025-04-18,15:52:12,-07:00,2025-04-18T15:52:12-07:00,0,0
style.css,253,css,1a89c519,Karina Shah,2025-04-18,15:52:12,-07:00,2025-04-18T15:52:12-07:00,0,0
style.css,254,css,1a89c519,Karina Shah,2025-04-18,15:52:12,-07:00,2025-04-18T15:52:12-07:00,0,10
style.css,255,css,1a89c519,Karina Shah,2025-04-18,15:52:12,-07:00,2025-04-18T15:52:12-07:00,0,23
style.css,256,css,1a89c519,Karina Shah,2025-04-18,15:52:12,-07:00,2025-04-18T15:52:12-07:00,0,16
style.css,257,css,1a89c519,Karina Shah,2025-04-18,15:52:12,-07:00,2025-04-18T15:52:12-07:00,0,0
style.css,258,css,1a89c519,Karina Shah,2025-04-18,15:52:12,-07:00,2025-04-18T15:52:12-07:00,0,0
style.css,259,css,1a89c519,Karina Shah,2025-04-18,15:52:12,-07:00,2025-04-18T15:52:12-07:00,0,13
style.css,260,css,1a89c519,Karina Shah,2025-04-18,15:52:12,-07:00,2025-04-18T15:52:12-07:00,0,21
style.css,261,css,1a89c519,Karina Shah,2025-04-18,15:52:12,-07:00,2025-04-18T15:52:12-07:00,0,16
style.css,262,css,0da1c2ee,Karina Shah,2025-04-21,16:04:58,-07:00,2025-04-21T16:04:58-07:00,0,24
style.css,263,css,1a89c519,Karina Shah,2025-04-18,15:52:12,-07:00,2025-04-18T15:52:12-07:00,0,17
style.css,264,css,1a89c519,Karina Shah,2025-04-18,15:52:12,-07:00,2025-04-18T15:52:12-07:00,0,0
style.css,265,css,1a89c519,Karina Shah,2025-04-18,15:52:12,-07:00,2025-04-18T15:52:12-07:00,0,0
style.css,266,css,1a89c519,Karina Shah,2025-04-18,15:52:12,-07:00,2025-04-18T15:52:12-07:00,0,16
style.css,267,css,1a89c519,Karina Shah,2025-04-18,15:52:12,-07:00,2025-04-18T15:52:12-07:00,0,3
style.css,268,css,1a89c519,Karina Shah,2025-04-18,15:52:12,-07:00,2025-04-18T15:52:12-07:00,0,21
style.css,269,css,1a89c519,Karina Shah,2025-04-18,15:52:12,-07:00,2025-04-18T15:52:12-07:00,0,17
style.css,270,css,1a89c519,Karina Shah,2025-04-18,15:52:12,-07:00,2025-04-18T15:52:12-07:00,0,0
style.css,271,css,1a89c519,Karina Shah,2025-04-18,15:52:12,-07:00,2025-04-18T15:52:12-07:00,0,0
style.css,272,css,1a89c519,Karina Shah,2025-04-18,15:52:12,-07:00,2025-04-18T15:52:12-07:00,0,6
style.css,273,css,1a89c519,Karina Shah,2025-04-18,15:52:12,-07:00,2025-04-18T15:52:12-07:00,0,20
style.css,274,css,1a89c519,Karina Shah,2025-04-18,15:52:12,-07:00,2025-04-18T15:52:12-07:00,0,16
style.css,275,css,1a89c519,Karina Shah,2025-04-18,15:52:12,-07:00,2025-04-18T15:52:12-07:00,0,0
style.css,276,css,1a89c519,Karina Shah,2025-04-18,15:52:12,-07:00,2025-04-18T15:52:12-07:00,0,0
style.css,277,css,1a89c519,Karina Shah,2025-04-18,15:52:12,-07:00,2025-04-18T15:52:12-07:00,0,21
style.css,278,css,1a89c519,Karina Shah,2025-04-18,15:52:12,-07:00,2025-04-18T15:52:12-07:00,0,54
style.css,279,css,1a89c519,Karina Shah,2025-04-18,15:52:12,-07:00,2025-04-18T15:52:12-07:00,0,12
style.css,280,css,1a89c519,Karina Shah,2025-04-18,15:52:12,-07:00,2025-04-18T15:52:12-07:00,0,20
style.css,281,css,1a89c519,Karina Shah,2025-04-18,15:52:12,-07:00,2025-04-18T15:52:12-07:00,0,0
style.css,282,css,1a89c519,Karina Shah,2025-04-18,15:52:12,-07:00,2025-04-18T15:52:12-07:00,0,0
style.css,283,css,8e9b695e,Karina Shah,2025-04-18,16:39:19,-07:00,2025-04-18T16:39:19-07:00,0,12
style.css,284,css,8e9b695e,Karina Shah,2025-04-18,16:39:19,-07:00,2025-04-18T16:39:19-07:00,0,9
style.css,285,css,8e9b695e,Karina Shah,2025-04-18,16:39:19,-07:00,2025-04-18T16:39:19-07:00,0,15
style.css,286,css,8e9b695e,Karina Shah,2025-04-18,16:39:19,-07:00,2025-04-18T16:39:19-07:00,0,35
style.css,287,css,8e9b695e,Karina Shah,2025-04-18,16:39:19,-07:00,2025-04-18T16:39:19-07:00,0,32
style.css,288,css,8e9b695e,Karina Shah,2025-04-18,16:39:19,-07:00,2025-04-18T16:39:19-07:00,0,12
style.css,289,css,8e9b695e,Karina Shah,2025-04-18,16:39:19,-07:00,2025-04-18T16:39:19-07:00,0,18
style.css,290,css,8e9b695e,Karina Shah,2025-04-18,16:39:19,-07:00,2025-04-18T16:39:19-07:00,0,41
style.css,291,css,8e9b695e,Karina Shah,2025-04-18,16:39:19,-07:00,2025-04-18T16:39:19-07:00,0,26
style.css,292,css,8e9b695e,Karina Shah,2025-04-18,16:39:19,-07:00,2025-04-18T16:39:19-07:00,0,36
style.css,293,css,8e9b695e,Karina Shah,2025-04-18,16:39:19,-07:00,2025-04-18T16:39:19-07:00,0,18
style.css,294,css,8e9b695e,Karina Shah,2025-04-18,16:39:19,-07:00,2025-04-18T16:39:19-07:00,0,10
style.css,295,css,8e9b695e,Karina Shah,2025-04-18,16:39:19,-07:00,2025-04-18T16:39:19-07:00,0,51
style.css,296,css,8e9b695e,Karina Shah,2025-04-18,16:39:19,-07:00,2025-04-18T16:39:19-07:00,0,0
style.css,297,css,8e9b695e,Karina Shah,2025-04-18,16:39:19,-07:00,2025-04-18T16:39:19-07:00,0,0
style.css,298,css,8e9b695e,Karina Shah,2025-04-18,16:39:19,-07:00,2025-04-18T16:39:19-07:00,0,23
style.css,299,css,8e9b695e,Karina Shah,2025-04-18,16:39:19,-07:00,2025-04-18T16:39:19-07:00,0,19
style.css,300,css,8e9b695e,Karina Shah,2025-04-18,16:39:19,-07:00,2025-04-18T16:39:19-07:00,0,10
style.css,301,css,8e9b695e,Karina Shah,2025-04-18,16:39:19,-07:00,2025-04-18T16:39:19-07:00,0,0
style.css,302,css,8e9b695e,Karina Shah,2025-04-18,16:39:19,-07:00,2025-04-18T16:39:19-07:00,0,0
style.css,303,css,8e9b695e,Karina Shah,2025-04-18,16:39:19,-07:00,2025-04-18T16:39:19-07:00,0,29
style.css,304,css,8e9b695e,Karina Shah,2025-04-18,16:39:19,-07:00,2025-04-18T16:39:19-07:00,0,36
style.css,305,css,8e9b695e,Karina Shah,2025-04-18,16:39:19,-07:00,2025-04-18T16:39:19-07:00,0,9
style.css,306,css,8e9b695e,Karina Shah,2025-04-18,16:39:19,-07:00,2025-04-18T16:39:19-07:00,0,34
style.css,307,css,8e9b695e,Karina Shah,2025-04-18,16:39:19,-07:00,2025-04-18T16:39:19-07:00,0,31
style.css,308,css,8e9b695e,Karina Shah,2025-04-18,16:39:19,-07:00,2025-04-18T16:39:19-07:00,0,38
style.css,309,css,8e9b695e,Karina Shah,2025-04-18,16:39:19,-07:00,2025-04-18T16:39:19-07:00,0,41
style.css,310,css,8e9b695e,Karina Shah,2025-04-18,16:39:19,-07:00,2025-04-18T16:39:19-07:00,0,0
style.css,311,css,8e9b695e,Karina Shah,2025-04-18,16:39:19,-07:00,2025-04-18T16:39:19-07:00,0,0
style.css,312,css,8e9b695e,Karina Shah,2025-04-18,16:39:19,-07:00,2025-04-18T16:39:19-07:00,0,0
style.css,313,css,87a993f7,Karina Shah,2025-04-18,15:57:52,-07:00,2025-04-18T15:57:52-07:00,0,25
style.css,314,css,1a89c519,Karina Shah,2025-04-18,15:52:12,-07:00,2025-04-18T15:52:12-07:00,0,14
style.css,315,css,87a993f7,Karina Shah,2025-04-18,15:57:52,-07:00,2025-04-18T15:57:52-07:00,0,18
style.css,316,css,1a89c519,Karina Shah,2025-04-18,15:52:12,-07:00,2025-04-18T15:52:12-07:00,0,9
style.css,317,css,1a89c519,Karina Shah,2025-04-18,15:52:12,-07:00,2025-04-18T15:52:12-07:00,0,11
style.css,318,css,1a89c519,Karina Shah,2025-04-18,15:52:12,-07:00,2025-04-18T15:52:12-07:00,0,14
style.css,319,css,1a89c519,Karina Shah,2025-04-18,15:52:12,-07:00,2025-04-18T15:52:12-07:00,0,20
style.css,320,css,1a89c519,Karina Shah,2025-04-18,15:52:12,-07:00,2025-04-18T15:52:12-07:00,0,0
style.css,321,css,8f837c10,Karina Shah,2025-04-21,15:39:46,-07:00,2025-04-21T15:39:46-07:00,0,0
style.css,322,css,8f837c10,Karina Shah,2025-04-21,15:39:46,-07:00,2025-04-21T15:39:46-07:00,0,5
style.css,323,css,8f837c10,Karina Shah,2025-04-21,15:39:46,-07:00,2025-04-21T15:39:46-07:00,0,64
style.css,324,css,8f837c10,Karina Shah,2025-04-21,15:39:46,-07:00,2025-04-21T15:39:46-07:00,0,0
style.css,325,css,78942d2a,Karina Shah,2025-04-21,16:30:07,-07:00,2025-04-21T16:30:07-07:00,0,0
style.css,326,css,78942d2a,Karina Shah,2025-04-21,16:30:07,-07:00,2025-04-21T16:30:07-07:00,0,22
style.css,327,css,78942d2a,Karina Shah,2025-04-21,16:30:07,-07:00,2025-04-21T16:30:07-07:00,0,8
style.css,328,css,78942d2a,Karina Shah,2025-04-21,16:30:07,-07:00,2025-04-21T16:30:07-07:00,0,15
style.css,329,css,78942d2a,Karina Shah,2025-04-21,16:30:07,-07:00,2025-04-21T16:30:07-07:00,0,6
style.css,330,css,78942d2a,Karina Shah,2025-04-21,16:30:07,-07:00,2025-04-21T16:30:07-07:00,0,7
style.css,331,css,78942d2a,Karina Shah,2025-04-21,16:30:07,-07:00,2025-04-21T16:30:07-07:00,0,11
style.css,332,css,78942d2a,Karina Shah,2025-04-21,16:30:07,-07:00,2025-04-21T16:30:07-07:00,0,12
style.css,333,css,78942d2a,Karina Shah,2025-04-21,16:30:07,-07:00,2025-04-21T16:30:07-07:00,0,55
style.css,334,css,78942d2a,Karina Shah,2025-04-21,16:30:07,-07:00,2025-04-21T16:30:07-07:00,0,16
style.css,335,css,78942d2a,Karina Shah,2025-04-21,16:30:07,-07:00,2025-04-21T16:30:07-07:00,0,56
style.css,336,css,78942d2a,Karina Shah,2025-04-21,16:30:07,-07:00,2025-04-21T16:30:07-07:00,0,0
style.css,337,css,78942d2a,Karina Shah,2025-04-21,16:30:07,-07:00,2025-04-21T16:30:07-07:00,0,0
style.css,338,css,78942d2a,Karina Shah,2025-04-21,16:30:07,-07:00,2025-04-21T16:30:07-07:00,0,6
style.css,339,css,78942d2a,Karina Shah,2025-04-21,16:30:07,-07:00,2025-04-21T16:30:07-07:00,0,18
style.css,340,css,78942d2a,Karina Shah,2025-04-21,16:30:07,-07:00,2025-04-21T16:30:07-07:00,0,10
style.css,341,css,78942d2a,Karina Shah,2025-04-21,16:30:07,-07:00,2025-04-21T16:30:07-07:00,0,15
style.css,342,css,78942d2a,Karina Shah,2025-04-21,16:30:07,-07:00,2025-04-21T16:30:07-07:00,0,35
style.css,343,css,78942d2a,Karina Shah,2025-04-21,16:30:07,-07:00,2025-04-21T16:30:07-07:00,0,12
style.css,344,css,78942d2a,Karina Shah,2025-04-21,16:30:07,-07:00,2025-04-21T16:30:07-07:00,0,0
style.css,345,css,78942d2a,Karina Shah,2025-04-21,16:30:07,-07:00,2025-04-21T16:30:07-07:00,0,0
style.css,346,css,78942d2a,Karina Shah,2025-04-21,16:30:07,-07:00,2025-04-21T16:30:07-07:00,0,30
style.css,347,css,78942d2a,Karina Shah,2025-04-21,16:30:07,-07:00,2025-04-21T16:30:07-07:00,0,19
style.css,348,css,78942d2a,Karina Shah,2025-04-21,16:30:07,-07:00,2025-04-21T16:30:07-07:00,0,9
style.css,349,css,78942d2a,Karina Shah,2025-04-21,16:30:07,-07:00,2025-04-21T16:30:07-07:00,0,23
style.css,350,css,78942d2a,Karina Shah,2025-04-21,16:30:07,-07:00,2025-04-21T16:30:07-07:00,0,17
style.css,351,css,78942d2a,Karina Shah,2025-04-21,16:30:07,-07:00,2025-04-21T16:30:07-07:00,0,19
style.css,352,css,78942d2a,Karina Shah,2025-04-21,16:30:07,-07:00,2025-04-21T16:30:07-07:00,0,0
style.css,353,css,78942d2a,Karina Shah,2025-04-21,16:30:07,-07:00,2025-04-21T16:30:07-07:00,0,19
style.css,354,css,78942d2a,Karina Shah,2025-04-21,16:30:07,-07:00,2025-04-21T16:30:07-07:00,0,9
style.css,355,css,78942d2a,Karina Shah,2025-04-21,16:30:07,-07:00,2025-04-21T16:30:07-07:00,0,23
style.css,356,css,78942d2a,Karina Shah,2025-04-21,16:30:07,-07:00,2025-04-21T16:30:07-07:00,0,15
style.css,357,css,78942d2a,Karina Shah,2025-04-21,16:30:07,-07:00,2025-04-21T16:30:07-07:00,0,19
style.css,358,css,78942d2a,Karina Shah,2025-04-21,16:30:07,-07:00,2025-04-21T16:30:07-07:00,0,0
style.css,359,css,78942d2a,Karina Shah,2025-04-21,16:30:07,-07:00,2025-04-21T16:30:07-07:00,0,19
style.css,360,css,78942d2a,Karina Shah,2025-04-21,16:30:07,-07:00,2025-04-21T16:30:07-07:00,0,9
style.css,361,css,78942d2a,Karina Shah,2025-04-21,16:30:07,-07:00,2025-04-21T16:30:07-07:00,0,23
style.css,362,css,78942d2a,Karina Shah,2025-04-21,16:30:07,-07:00,2025-04-21T16:30:07-07:00,0,17
style.css,363,css,78942d2a,Karina Shah,2025-04-21,16:30:07,-07:00,2025-04-21T16:30:07-07:00,0,19
style.css,364,css,78942d2a,Karina Shah,2025-04-21,16:30:07,-07:00,2025-04-21T16:30:07-07:00,0,0
style.css,365,css,78942d2a,Karina Shah,2025-04-21,16:30:07,-07:00,2025-04-21T16:30:07-07:00,0,19
style.css,366,css,78942d2a,Karina Shah,2025-04-21,16:30:07,-07:00,2025-04-21T16:30:07-07:00,0,9
style.css,367,css,78942d2a,Karina Shah,2025-04-21,16:30:07,-07:00,2025-04-21T16:30:07-07:00,0,23
style.css,368,css,78942d2a,Karina Shah,2025-04-21,16:30:07,-07:00,2025-04-21T16:30:07-07:00,0,17
style.css,369,css,78942d2a,Karina Shah,2025-04-21,16:30:07,-07:00,2025-04-21T16:30:07-07:00,0,19
style.css,370,css,78942d2a,Karina Shah,2025-04-21,16:30:07,-07:00,2025-04-21T16:30:07-07:00,0,0
style.css,371,css,78942d2a,Karina Shah,2025-04-21,16:30:07,-07:00,2025-04-21T16:30:07-07:00,0,19
style.css,372,css,78942d2a,Karina Shah,2025-04-21,16:30:07,-07:00,2025-04-21T16:30:07-07:00,0,9
style.css,373,css,78942d2a,Karina Shah,2025-04-21,16:30:07,-07:00,2025-04-21T16:30:07-07:00,0,23
style.css,374,css,78942d2a,Karina Shah,2025-04-21,16:30:07,-07:00,2025-04-21T16:30:07-07:00,0,17
style.css,375,css,78942d2a,Karina Shah,2025-04-21,16:30:07,-07:00,2025-04-21T16:30:07-07:00,0,21
style.css,376,css,78942d2a,Karina Shah,2025-04-21,16:30:07,-07:00,2025-04-21T16:30:07-07:00,0,0
style.css,377,css,78942d2a,Karina Shah,2025-04-21,16:30:07,-07:00,2025-04-21T16:30:07-07:00,0,0
style.css,378,css,78942d2a,Karina Shah,2025-04-21,16:30:07,-07:00,2025-04-21T16:30:07-07:00,0,35
style.css,379,css,78942d2a,Karina Shah,2025-04-21,16:30:07,-07:00,2025-04-21T16:30:07-07:00,0,16
style.css,380,css,78942d2a,Karina Shah,2025-04-21,16:30:07,-07:00,2025-04-21T16:30:07-07:00,0,3
style.css,381,css,78942d2a,Karina Shah,2025-04-21,16:30:07,-07:00,2025-04-21T16:30:07-07:00,0,51
style.css,382,css,78942d2a,Karina Shah,2025-04-21,16:30:07,-07:00,2025-04-21T16:30:07-07:00,0,10
style.css,383,css,78942d2a,Karina Shah,2025-04-21,16:30:07,-07:00,2025-04-21T16:30:07-07:00,0,10
style.css,384,css,78942d2a,Karina Shah,2025-04-21,16:30:07,-07:00,2025-04-21T16:30:07-07:00,0,0
style.css,385,css,78942d2a,Karina Shah,2025-04-21,16:30:07,-07:00,2025-04-21T16:30:07-07:00,0,4
style.css,386,css,78942d2a,Karina Shah,2025-04-21,16:30:07,-07:00,2025-04-21T16:30:07-07:00,0,59
style.css,387,css,78942d2a,Karina Shah,2025-04-21,16:30:07,-07:00,2025-04-21T16:30:07-07:00,0,12
style.css,388,css,78942d2a,Karina Shah,2025-04-21,16:30:07,-07:00,2025-04-21T16:30:07-07:00,0,0
style.css,389,css,78942d2a,Karina Shah,2025-04-21,16:30:07,-07:00,2025-04-21T16:30:07-07:00,0,5
style.css,390,css,78942d2a,Karina Shah,2025-04-21,16:30:07,-07:00,2025-04-21T16:30:07-07:00,0,61
style.css,391,css,78942d2a,Karina Shah,2025-04-21,16:30:07,-07:00,2025-04-21T16:30:07-07:00,0,10
style.css,392,css,78942d2a,Karina Shah,2025-04-21,16:30:07,-07:00,2025-04-21T16:30:07-07:00,0,0
style.css,393,css,78942d2a,Karina Shah,2025-04-21,16:30:07,-07:00,2025-04-21T16:30:07-07:00,0,0
style.css,394,css,7fd25e75,Karina Shah,2025-04-25,18:15:25,-07:00,2025-04-25T18:15:25-07:00,0,0
style.css,395,css,7fd25e75,Karina Shah,2025-04-25,18:15:25,-07:00,2025-04-25T18:15:25-07:00,0,18
style.css,396,css,7fd25e75,Karina Shah,2025-04-25,18:15:25,-07:00,2025-04-25T18:15:25-07:00,0,13
style.css,397,css,7fd25e75,Karina Shah,2025-04-25,18:15:25,-07:00,2025-04-25T18:15:25-07:00,0,37
style.css,398,css,7fd25e75,Karina Shah,2025-04-25,18:15:25,-07:00,2025-04-25T18:15:25-07:00,0,9
style.css,399,css,7fd25e75,Karina Shah,2025-04-25,18:15:25,-07:00,2025-04-25T18:15:25-07:00,0,0
style.css,400,css,7fd25e75,Karina Shah,2025-04-25,18:15:25,-07:00,2025-04-25T18:15:25-07:00,0,0
style.css,401,css,7fd25e75,Karina Shah,2025-04-25,18:15:25,-07:00,2025-04-25T18:15:25-07:00,0,18
style.css,402,css,7fd25e75,Karina Shah,2025-04-25,18:15:25,-07:00,2025-04-25T18:15:25-07:00,0,17
style.css,403,css,7fd25e75,Karina Shah,2025-04-25,18:15:25,-07:00,2025-04-25T18:15:25-07:00,0,11
style.css,404,css,7fd25e75,Karina Shah,2025-04-25,18:15:25,-07:00,2025-04-25T18:15:25-07:00,0,0
style.css,405,css,7fd25e75,Karina Shah,2025-04-25,18:15:25,-07:00,2025-04-25T18:15:25-07:00,0,0
style.css,406,css,7fd25e75,Karina Shah,2025-04-25,18:15:25,-07:00,2025-04-25T18:15:25-07:00,0,18
style.css,407,css,7fd25e75,Karina Shah,2025-04-25,18:15:25,-07:00,2025-04-25T18:15:25-07:00,0,9
style.css,408,css,7fd25e75,Karina Shah,2025-04-25,18:15:25,-07:00,2025-04-25T18:15:25-07:00,0,11
style.css,409,css,7fd25e75,Karina Shah,2025-04-25,18:15:25,-07:00,2025-04-25T18:15:25-07:00,0,0
style.css,410,css,7a726c7a,Karina Shah,2025-05-02,17:36:08,-07:00,2025-05-02T17:36:08-07:00,0,0
style.css,411,css,7a726c7a,Karina Shah,2025-05-02,17:36:08,-07:00,2025-05-02T17:36:08-07:00,0,14
style.css,412,css,7a726c7a,Karina Shah,2025-05-02,17:36:08,-07:00,2025-05-02T17:36:08-07:00,0,31
style.css,413,css,7a726c7a,Karina Shah,2025-05-02,17:36:08,-07:00,2025-05-02T17:36:08-07:00,0,11
style.css,414,css,7a726c7a,Karina Shah,2025-05-02,17:36:08,-07:00,2025-05-02T17:36:08-07:00,0,16
style.css,415,css,7a726c7a,Karina Shah,2025-05-02,17:36:08,-07:00,2025-05-02T17:36:08-07:00,0,35
style.css,416,css,7a726c7a,Karina Shah,2025-05-02,17:36:08,-07:00,2025-05-02T17:36:08-07:00,0,0
style.css,417,css,ca26b48b,Karina Shah,2025-05-02,18:48:07,-07:00,2025-05-02T18:48:07-07:00,0,0
style.css,418,css,ca26b48b,Karina Shah,2025-05-02,18:48:07,-07:00,2025-05-02T18:48:07-07:00,0,19
style.css,419,css,ca26b48b,Karina Shah,2025-05-02,18:48:07,-07:00,2025-05-02T18:48:07-07:00,0,15
style.css,420,css,ca26b48b,Karina Shah,2025-05-02,18:48:07,-07:00,2025-05-02T18:48:07-07:00,0,17
style.css,421,css,ca26b48b,Karina Shah,2025-05-02,18:48:07,-07:00,2025-05-02T18:48:07-07:00,0,17
style.css,422,css,ca26b48b,Karina Shah,2025-05-02,18:48:07,-07:00,2025-05-02T18:48:07-07:00,0,0
style.css,423,css,5234c664,Karina Shah,2025-05-02,19:37:10,-07:00,2025-05-02T19:37:10-07:00,0,0
style.css,424,css,5234c664,Karina Shah,2025-05-02,19:37:10,-07:00,2025-05-02T19:37:10-07:00,0,11
style.css,425,css,5234c664,Karina Shah,2025-05-02,19:37:10,-07:00,2025-05-02T19:37:10-07:00,0,13
style.css,426,css,c25094e4,Karina Shah,2025-05-02,19:57:46,-07:00,2025-05-02T19:57:46-07:00,0,9
style.css,427,css,5234c664,Karina Shah,2025-05-02,19:37:10,-07:00,2025-05-02T19:37:10-07:00,0,23
style.css,428,css,5234c664,Karina Shah,2025-05-02,19:37:10,-07:00,2025-05-02T19:37:10-07:00,0,15
style.css,429,css,5234c664,Karina Shah,2025-05-02,19:37:10,-07:00,2025-05-02T19:37:10-07:00,0,0
style.css,430,css,5234c664,Karina Shah,2025-05-02,19:37:10,-07:00,2025-05-02T19:37:10-07:00,0,0
style.css,431,css,5234c664,Karina Shah,2025-05-02,19:37:10,-07:00,2025-05-02T19:37:10-07:00,0,8
style.css,432,css,5234c664,Karina Shah,2025-05-02,19:37:10,-07:00,2025-05-02T19:37:10-07:00,0,13
style.css,433,css,5234c664,Karina Shah,2025-05-02,19:37:10,-07:00,2025-05-02T19:37:10-07:00,0,58
style.css,434,css,5234c664,Karina Shah,2025-05-02,19:37:10,-07:00,2025-05-02T19:37:10-07:00,0,9
style.css,435,css,5234c664,Karina Shah,2025-05-02,19:37:10,-07:00,2025-05-02T19:37:10-07:00,0,13
style.css,436,css,5234c664,Karina Shah,2025-05-02,19:37:10,-07:00,2025-05-02T19:37:10-07:00,0,22
style.css,437,css,5234c664,Karina Shah,2025-05-02,19:37:10,-07:00,2025-05-02T19:37:10-07:00,0,7
style.css,438,css,5234c664,Karina Shah,2025-05-02,19:37:10,-07:00,2025-05-02T19:37:10-07:00,0,0
style.css,439,css,5234c664,Karina Shah,2025-05-02,19:37:10,-07:00,2025-05-02T19:37:10-07:00,0,0
style.css,440,css,5234c664,Karina Shah,2025-05-02,19:37:10,-07:00,2025-05-02T19:37:10-07:00,0,13
style.css,441,css,5234c664,Karina Shah,2025-05-02,19:37:10,-07:00,2025-05-02T19:37:10-07:00,0,13
style.css,442,css,5234c664,Karina Shah,2025-05-02,19:37:10,-07:00,2025-05-02T19:37:10-07:00,0,19
style.css,443,css,5234c664,Karina Shah,2025-05-02,19:37:10,-07:00,2025-05-02T19:37:10-07:00,0,11
style.css,444,css,5234c664,Karina Shah,2025-05-02,19:37:10,-07:00,2025-05-02T19:37:10-07:00,0,0
style.css,445,css,5234c664,Karina Shah,2025-05-02,19:37:10,-07:00,2025-05-02T19:37:10-07:00,0,0
style.css,446,css,5234c664,Karina Shah,2025-05-02,19:37:10,-07:00,2025-05-02T19:37:10-07:00,0,8
style.css,447,css,5234c664,Karina Shah,2025-05-02,19:37:10,-07:00,2025-05-02T19:37:10-07:00,0,10
style.css,448,css,5234c664,Karina Shah,2025-05-02,19:37:10,-07:00,2025-05-02T19:37:10-07:00,0,11
style.css,449,css,5234c664,Karina Shah,2025-05-02,19:37:10,-07:00,2025-05-02T19:37:10-07:00,0,30
style.css,450,css,5234c664,Karina Shah,2025-05-02,19:37:10,-07:00,2025-05-02T19:37:10-07:00,0,21
style.css,451,css,5234c664,Karina Shah,2025-05-02,19:37:10,-07:00,2025-05-02T19:37:10-07:00,0,21
style.css,452,css,5234c664,Karina Shah,2025-05-02,19:37:10,-07:00,2025-05-02T19:37:10-07:00,0,0
style.css,453,css,cf7affef,Karina Shah,2025-05-02,20:06:55,-07:00,2025-05-02T20:06:55-07:00,0,0
style.css,454,css,cf7affef,Karina Shah,2025-05-02,20:06:55,-07:00,2025-05-02T20:06:55-07:00,0,29
style.css,455,css,cf7affef,Karina Shah,2025-05-02,20:06:55,-07:00,2025-05-02T20:06:55-07:00,0,37
style.css,456,css,cf7affef,Karina Shah,2025-05-02,20:06:55,-07:00,2025-05-02T20:06:55-07:00,0,12
style.css,457,css,cf7affef,Karina Shah,2025-05-02,20:06:55,-07:00,2025-05-02T20:06:55-07:00,0,0
style.css,458,css,cf7affef,Karina Shah,2025-05-02,20:06:55,-07:00,2025-05-02T20:06:55-07:00,0,0
style.css,459,css,cf7affef,Karina Shah,2025-05-02,20:06:55,-07:00,2025-05-02T20:06:55-07:00,0,5
style.css,460,css,cf7affef,Karina Shah,2025-05-02,20:06:55,-07:00,2025-05-02T20:06:55-07:00,0,17
style.css,461,css,cf7affef,Karina Shah,2025-05-02,20:06:55,-07:00,2025-05-02T20:06:55-07:00,0,15
style.css,462,css,cf7affef,Karina Shah,2025-05-02,20:06:55,-07:00,2025-05-02T20:06:55-07:00,0,0
style.css,463,css,cf7affef,Karina Shah,2025-05-02,20:06:55,-07:00,2025-05-02T20:06:55-07:00,0,0
style.css,464,css,cf7affef,Karina Shah,2025-05-02,20:06:55,-07:00,2025-05-02T20:06:55-07:00,0,34
style.css,465,css,cf7affef,Karina Shah,2025-05-02,20:06:55,-07:00,2025-05-02T20:06:55-07:00,0,10
style.css,466,css,cf7affef,Karina Shah,2025-05-02,20:06:55,-07:00,2025-05-02T20:06:55-07:00,0,36
style.css,467,css,cf7affef,Karina Shah,2025-05-02,20:06:55,-07:00,2025-05-02T20:06:55-07:00,0,0
style.css,468,css,cf7affef,Karina Shah,2025-05-02,20:06:55,-07:00,2025-05-02T20:06:55-07:00,0,0
style.css,469,css,cf7affef,Karina Shah,2025-05-02,20:06:55,-07:00,2025-05-02T20:06:55-07:00,0,19
style.css,470,css,cf7affef,Karina Shah,2025-05-02,20:06:55,-07:00,2025-05-02T20:06:55-07:00,0,18
style.css,471,css,cf7affef,Karina Shah,2025-05-02,20:06:55,-07:00,2025-05-02T20:06:55-07:00,0,0
style.css,472,css,cf7affef,Karina Shah,2025-05-02,20:06:55,-07:00,2025-05-02T20:06:55-07:00,0,0
style.css,473,css,9d6dba18,Karina Shah,2025-05-02,20:23:09,-07:00,2025-05-02T20:23:09-07:00,0,37
style.css,474,css,9d6dba18,Karina Shah,2025-05-02,20:23:09,-07:00,2025-05-02T20:23:09-07:00,0,12
style.css,475,css,9d6dba18,Karina Shah,2025-05-02,20:23:09,-07:00,2025-05-02T20:23:09-07:00,0,0
style.css,476,css,9d6dba18,Karina Shah,2025-05-02,20:23:09,-07:00,2025-05-02T20:23:09-07:00,0,0
style.css,477,css,9d6dba18,Karina Shah,2025-05-02,20:23:09,-07:00,2025-05-02T20:23:09-07:00,0,5
style.css,478,css,9d6dba18,Karina Shah,2025-05-02,20:23:09,-07:00,2025-05-02T20:23:09-07:00,0,17
style.css,479,css,9d6dba18,Karina Shah,2025-05-02,20:23:09,-07:00,2025-05-02T20:23:09-07:00,0,15
style.css,480,css,9d6dba18,Karina Shah,2025-05-02,20:23:09,-07:00,2025-05-02T20:23:09-07:00,0,0
style.css,481,css,9d6dba18,Karina Shah,2025-05-02,20:23:09,-07:00,2025-05-02T20:23:09-07:00,0,0
style.css,482,css,cf7affef,Karina Shah,2025-05-02,20:06:55,-07:00,2025-05-02T20:06:55-07:00,0,8
style.css,483,css,cf7affef,Karina Shah,2025-05-02,20:06:55,-07:00,2025-05-02T20:06:55-07:00,0,13
style.css,484,css,cf7affef,Karina Shah,2025-05-02,20:06:55,-07:00,2025-05-02T20:06:55-07:00,0,58
style.css,485,css,cf7affef,Karina Shah,2025-05-02,20:06:55,-07:00,2025-05-02T20:06:55-07:00,0,8
style.css,486,css,9d6dba18,Karina Shah,2025-05-02,20:23:09,-07:00,2025-05-02T20:23:09-07:00,0,22
style.css,487,css,cf7affef,Karina Shah,2025-05-02,20:06:55,-07:00,2025-05-02T20:06:55-07:00,0,12
style.css,488,css,9d6dba18,Karina Shah,2025-05-02,20:23:09,-07:00,2025-05-02T20:23:09-07:00,0,17
style.css,489,css,cf7affef,Karina Shah,2025-05-02,20:06:55,-07:00,2025-05-02T20:06:55-07:00,0,0
style.css,490,css,cf7affef,Karina Shah,2025-05-02,20:06:55,-07:00,2025-05-02T20:06:55-07:00,0,0
style.css,491,css,cf7affef,Karina Shah,2025-05-02,20:06:55,-07:00,2025-05-02T20:06:55-07:00,0,13
style.css,492,css,cf7affef,Karina Shah,2025-05-02,20:06:55,-07:00,2025-05-02T20:06:55-07:00,0,13
style.css,493,css,cf7affef,Karina Shah,2025-05-02,20:06:55,-07:00,2025-05-02T20:06:55-07:00,0,19
style.css,494,css,cf7affef,Karina Shah,2025-05-02,20:06:55,-07:00,2025-05-02T20:06:55-07:00,0,10
style.css,495,css,cf7affef,Karina Shah,2025-05-02,20:06:55,-07:00,2025-05-02T20:06:55-07:00,0,0
style.css,496,css,cf7affef,Karina Shah,2025-05-02,20:06:55,-07:00,2025-05-02T20:06:55-07:00,0,0
style.css,497,css,9d6dba18,Karina Shah,2025-05-02,20:23:09,-07:00,2025-05-02T20:23:09-07:00,0,8
style.css,498,css,cf7affef,Karina Shah,2025-05-02,20:06:55,-07:00,2025-05-02T20:06:55-07:00,0,21
style.css,499,css,cf7affef,Karina Shah,2025-05-02,20:06:55,-07:00,2025-05-02T20:06:55-07:00,0,10
style.css,500,css,cf7affef,Karina Shah,2025-05-02,20:06:55,-07:00,2025-05-02T20:06:55-07:00,0,11
style.css,501,css,cf7affef,Karina Shah,2025-05-02,20:06:55,-07:00,2025-05-02T20:06:55-07:00,0,19
style.css,502,css,9d6dba18,Karina Shah,2025-05-02,20:23:09,-07:00,2025-05-02T20:23:09-07:00,0,18
style.css,503,css,9d6dba18,Karina Shah,2025-05-02,20:23:09,-07:00,2025-05-02T20:23:09-07:00,0,30
style.css,504,css,9d6dba18,Karina Shah,2025-05-02,20:23:09,-07:00,2025-05-02T20:23:09-07:00,0,0
style.css,505,css,9d6dba18,Karina Shah,2025-05-02,20:23:09,-07:00,2025-05-02T20:23:09-07:00,0,0
style.css,506,css,9d6dba18,Karina Shah,2025-05-02,20:23:09,-07:00,2025-05-02T20:23:09-07:00,0,10
style.css,507,css,9d6dba18,Karina Shah,2025-05-02,20:23:09,-07:00,2025-05-02T20:23:09-07:00,0,36
style.css,508,css,cf7affef,Karina Shah,2025-05-02,20:06:55,-07:00,2025-05-02T20:06:55-07:00,0,0
style.css,509,css,cf7affef,Karina Shah,2025-05-02,20:06:55,-07:00,2025-05-02T20:06:55-07:00,0,0
style.css,510,css,9d6dba18,Karina Shah,2025-05-02,20:23:09,-07:00,2025-05-02T20:23:09-07:00,0,19
style.css,511,css,9d6dba18,Karina Shah,2025-05-02,20:23:09,-07:00,2025-05-02T20:23:09-07:00,0,18
style.css,512,css,9d6dba18,Karina Shah,2025-05-02,20:23:09,-07:00,2025-05-02T20:23:09-07:00,0,0
style.css,513,css,9d6dba18,Karina Shah,2025-05-02,20:23:09,-07:00,2025-05-02T20:23:09-07:00,0,0
style.css,514,css,9d6dba18,Karina Shah,2025-05-02,20:23:09,-07:00,2025-05-02T20:23:09-07:00,0,0
style.css,515,css,9d6dba18,Karina Shah,2025-05-02,20:23:09,-07:00,2025-05-02T20:23:09-07:00,0,0
index.js,1,js,1c0eeca1,Karina Shah,2025-04-25,18:13:17,-07:00,2025-04-25T18:13:17-07:00,0,72
index.js,2,js,1c0eeca1,Karina Shah,2025-04-25,18:13:17,-07:00,2025-04-25T18:13:17-07:00,0,0
index.js,3,js,fe553f11,Karina Shah,2025-04-25,18:02:55,-07:00,2025-04-25T18:02:55-07:00,0,20
index.js,4,js,fe553f11,Karina Shah,2025-04-25,18:02:55,-07:00,2025-04-25T18:02:55-07:00,0,55
index.js,5,js,fe553f11,Karina Shah,2025-04-25,18:02:55,-07:00,2025-04-25T18:02:55-07:00,0,0
index.js,6,js,fe553f11,Karina Shah,2025-04-25,18:02:55,-07:00,2025-04-25T18:02:55-07:00,0,29
index.js,7,js,fe553f11,Karina Shah,2025-04-25,18:02:55,-07:00,2025-04-25T18:02:55-07:00,0,43
index.js,8,js,fe553f11,Karina Shah,2025-04-25,18:02:55,-07:00,2025-04-25T18:02:55-07:00,0,0
index.js,9,js,fe553f11,Karina Shah,2025-04-25,18:02:55,-07:00,2025-04-25T18:02:55-07:00,0,36
index.js,10,js,fe553f11,Karina Shah,2025-04-25,18:02:55,-07:00,2025-04-25T18:02:55-07:00,0,61
index.js,11,js,fe553f11,Karina Shah,2025-04-25,18:02:55,-07:00,2025-04-25T18:02:55-07:00,0,0
index.js,12,js,fe553f11,Karina Shah,2025-04-25,18:02:55,-07:00,2025-04-25T18:02:55-07:00,0,30
index.js,13,js,fe553f11,Karina Shah,2025-04-25,18:02:55,-07:00,2025-04-25T18:02:55-07:00,0,55
index.js,14,js,1c0eeca1,Karina Shah,2025-04-25,18:13:17,-07:00,2025-04-25T18:13:17-07:00,0,0
index.js,15,js,65b3cde2,Karina Shah,2025-04-25,18:18:12,-07:00,2025-04-25T18:18:12-07:00,0,54
index.js,16,js,65b3cde2,Karina Shah,2025-04-25,18:18:12,-07:00,2025-04-25T18:18:12-07:00,0,54
index.js,17,js,1c0eeca1,Karina Shah,2025-04-25,18:13:17,-07:00,2025-04-25T18:13:17-07:00,0,23
index.js,18,js,1c0eeca1,Karina Shah,2025-04-25,18:13:17,-07:00,2025-04-25T18:13:17-07:00,0,0
index.js,19,js,65b3cde2,Karina Shah,2025-04-25,18:18:12,-07:00,2025-04-25T18:18:12-07:00,0,41
index.js,20,js,1c0eeca1,Karina Shah,2025-04-25,18:13:17,-07:00,2025-04-25T18:13:17-07:00,0,61
index.js,21,js,1c0eeca1,Karina Shah,2025-04-25,18:13:17,-07:00,2025-04-25T18:13:17-07:00,0,0
index.js,22,js,65b3cde2,Karina Shah,2025-04-25,18:18:12,-07:00,2025-04-25T18:18:12-07:00,0,47
index.js,23,js,7fd25e75,Karina Shah,2025-04-25,18:15:25,-07:00,2025-04-25T18:15:25-07:00,0,18
index.js,24,js,65b3cde2,Karina Shah,2025-04-25,18:18:12,-07:00,2025-04-25T18:18:12-07:00,0,25
index.js,25,js,65b3cde2,Karina Shah,2025-04-25,18:18:12,-07:00,2025-04-25T18:18:12-07:00,0,3
index.js,26,js,65b3cde2,Karina Shah,2025-04-25,18:18:12,-07:00,2025-04-25T18:18:12-07:00,0,56
index.js,27,js,65b3cde2,Karina Shah,2025-04-25,18:18:12,-07:00,2025-04-25T18:18:12-07:00,0,56
index.js,28,js,65b3cde2,Karina Shah,2025-04-25,18:18:12,-07:00,2025-04-25T18:18:12-07:00,0,50
index.js,29,js,65b3cde2,Karina Shah,2025-04-25,18:18:12,-07:00,2025-04-25T18:18:12-07:00,0,50
index.js,30,js,65b3cde2,Karina Shah,2025-04-25,18:18:12,-07:00,2025-04-25T18:18:12-07:00,0,4
index.js,31,js,65b3cde2,Karina Shah,2025-04-25,18:18:12,-07:00,2025-04-25T18:18:12-07:00,0,1
index.js,32,js,65b3cde2,Karina Shah,2025-04-25,18:18:12,-07:00,2025-04-25T18:18:12-07:00,0,0
index.html,1,html,8c13e721,Karina Shah,2025-04-17,23:42:04,-07:00,2025-04-17T23:42:04-07:00,0,14
index.html,2,html,73bfad6b,Karina Shah,2025-04-04,12:35:01,-07:00,2025-04-04T12:35:01-07:00,0,5
index.html,3,html,12dc6b14,Karina Shah,2025-04-04,12:28:57,-07:00,2025-04-04T12:28:57-07:00,0,5
index.html,4,html,8c13e721,Karina Shah,2025-04-17,23:42:04,-07:00,2025-04-17T23:42:04-07:00,0,21
index.html,5,html,8c13e721,Karina Shah,2025-04-17,23:42:04,-07:00,2025-04-17T23:42:04-07:00,0,69
index.html,6,html,8c13e721,Karina Shah,2025-04-17,23:42:04,-07:00,2025-04-17T23:42:04-07:00,0,54
index.html,7,html,8c13e721,Karina Shah,2025-04-17,23:42:04,-07:00,2025-04-17T23:42:04-07:00,0,39
index.html,8,html,8c13e721,Karina Shah,2025-04-17,23:42:04,-07:00,2025-04-17T23:42:04-07:00,0,46
index.html,9,html,12dc6b14,Karina Shah,2025-04-04,12:28:57,-07:00,2025-04-04T12:28:57-07:00,0,6
index.html,10,html,12dc6b14,Karina Shah,2025-04-04,12:28:57,-07:00,2025-04-04T12:28:57-07:00,0,5
index.html,11,html,8c13e721,Karina Shah,2025-04-17,23:42:04,-07:00,2025-04-17T23:42:04-07:00,0,19
index.html,12,html,8c13e721,Karina Shah,2025-04-17,23:42:04,-07:00,2025-04-17T23:42:04-07:00,0,2
index.html,13,html,8c13e721,Karina Shah,2025-04-17,23:42:04,-07:00,2025-04-17T23:42:04-07:00,0,96
index.html,14,html,8c13e721,Karina Shah,2025-04-17,23:42:04,-07:00,2025-04-17T23:42:04-07:00,0,80
index.html,15,html,8c13e721,Karina Shah,2025-04-17,23:42:04,-07:00,2025-04-17T23:42:04-07:00,0,3
index.html,16,html,8c13e721,Karina Shah,2025-04-17,23:42:04,-07:00,2025-04-17T23:42:04-07:00,0,3
index.html,17,html,8c13e721,Karina Shah,2025-04-17,23:42:04,-07:00,2025-04-17T23:42:04-07:00,0,34
index.html,18,html,8c13e721,Karina Shah,2025-04-17,23:42:04,-07:00,2025-04-17T23:42:04-07:00,0,78
index.html,19,html,8c13e721,Karina Shah,2025-04-17,23:42:04,-07:00,2025-04-17T23:42:04-07:00,0,0
index.html,20,html,7fd25e75,Karina Shah,2025-04-25,18:15:25,-07:00,2025-04-25T18:15:25-07:00,0,8
index.html,21,html,7fd25e75,Karina Shah,2025-04-25,18:15:25,-07:00,2025-04-25T18:15:25-07:00,0,20
index.html,22,html,7fd25e75,Karina Shah,2025-04-25,18:15:25,-07:00,2025-04-25T18:15:25-07:00,0,23
index.html,23,html,7fd25e75,Karina Shah,2025-04-25,18:15:25,-07:00,2025-04-25T18:15:25-07:00,0,37
index.html,24,html,7fd25e75,Karina Shah,2025-04-25,18:15:25,-07:00,2025-04-25T18:15:25-07:00,0,5
index.html,25,html,7fd25e75,Karina Shah,2025-04-25,18:15:25,-07:00,2025-04-25T18:15:25-07:00,0,9
index.html,26,html,7fd25e75,Karina Shah,2025-04-25,18:15:25,-07:00,2025-04-25T18:15:25-07:00,0,0
index.html,27,html,fe553f11,Karina Shah,2025-04-25,18:02:55,-07:00,2025-04-25T18:02:55-07:00,0,8
index.html,28,html,fe553f11,Karina Shah,2025-04-25,18:02:55,-07:00,2025-04-25T18:02:55-07:00,0,23
index.html,29,html,fe553f11,Karina Shah,2025-04-25,18:02:55,-07:00,2025-04-25T18:02:55-07:00,0,21
index.html,30,html,fe553f11,Karina Shah,2025-04-25,18:02:55,-07:00,2025-04-25T18:02:55-07:00,0,47
index.html,31,html,fe553f11,Karina Shah,2025-04-25,18:02:55,-07:00,2025-04-25T18:02:55-07:00,0,5
index.html,32,html,fe553f11,Karina Shah,2025-04-25,18:02:55,-07:00,2025-04-25T18:02:55-07:00,0,9
index.html,33,html,fe553f11,Karina Shah,2025-04-25,18:02:55,-07:00,2025-04-25T18:02:55-07:00,0,0
index.html,34,html,fe553f11,Karina Shah,2025-04-25,18:02:55,-07:00,2025-04-25T18:02:55-07:00,0,52
index.html,35,html,fe553f11,Karina Shah,2025-04-25,18:02:55,-07:00,2025-04-25T18:02:55-07:00,0,51
index.html,36,html,12dc6b14,Karina Shah,2025-04-04,12:28:57,-07:00,2025-04-04T12:28:57-07:00,0,6
index.html,37,html,8c13e721,Karina Shah,2025-04-17,23:42:04,-07:00,2025-04-17T23:42:04-07:00,0,6
global.js,1,js,54e3439d,Karina Shah,2025-04-17,23:05:45,-07:00,2025-04-17T23:05:45-07:00,0,12
global.js,2,js,fafa9d65,Karina Shah,2025-04-17,23:51:15,-07:00,2025-04-17T23:51:15-07:00,0,26
global.js,3,js,fafa9d65,Karina Shah,2025-04-17,23:51:15,-07:00,2025-04-17T23:51:15-07:00,0,39
global.js,4,js,fafa9d65,Karina Shah,2025-04-17,23:51:15,-07:00,2025-04-17T23:51:15-07:00,0,35
global.js,5,js,fafa9d65,Karina Shah,2025-04-17,23:51:15,-07:00,2025-04-17T23:51:15-07:00,0,37
global.js,6,js,6e0dac80,Karina Shah,2025-05-09,23:25:35,-07:00,2025-05-09T23:25:35-07:00,0,31
global.js,7,js,fafa9d65,Karina Shah,2025-04-17,23:51:15,-07:00,2025-04-17T23:51:15-07:00,0,57
global.js,8,js,54e3439d,Karina Shah,2025-04-17,23:05:45,-07:00,2025-04-17T23:05:45-07:00,0,1
global.js,9,js,54e3439d,Karina Shah,2025-04-17,23:05:45,-07:00,2025-04-17T23:05:45-07:00,0,0
global.js,10,js,54e3439d,Karina Shah,2025-04-17,23:05:45,-07:00,2025-04-17T23:05:45-07:00,0,39
global.js,11,js,54e3439d,Karina Shah,2025-04-17,23:05:45,-07:00,2025-04-17T23:05:45-07:00,0,26
global.js,12,js,54e3439d,Karina Shah,2025-04-17,23:05:45,-07:00,2025-04-17T23:05:45-07:00,0,0
global.js,13,js,8c13e721,Karina Shah,2025-04-17,23:42:04,-07:00,2025-04-17T23:42:04-07:00,0,89
global.js,14,js,87a993f7,Karina Shah,2025-04-18,15:57:52,-07:00,2025-04-18T15:57:52-07:00,0,4
global.js,15,js,87a993f7,Karina Shah,2025-04-18,15:57:52,-07:00,2025-04-18T15:57:52-07:00,0,20
global.js,16,js,8c13e721,Karina Shah,2025-04-17,23:42:04,-07:00,2025-04-17T23:42:04-07:00,0,0
global.js,17,js,54e3439d,Karina Shah,2025-04-17,23:05:45,-07:00,2025-04-17T23:05:45-07:00,0,21
global.js,18,js,54e3439d,Karina Shah,2025-04-17,23:05:45,-07:00,2025-04-17T23:05:45-07:00,0,15
global.js,19,js,54e3439d,Karina Shah,2025-04-17,23:05:45,-07:00,2025-04-17T23:05:45-07:00,0,19
global.js,20,js,54e3439d,Karina Shah,2025-04-17,23:05:45,-07:00,2025-04-17T23:05:45-07:00,0,0
global.js,21,js,8c13e721,Karina Shah,2025-04-17,23:42:04,-07:00,2025-04-17T23:42:04-07:00,0,53
global.js,22,js,54e3439d,Karina Shah,2025-04-17,23:05:45,-07:00,2025-04-17T23:05:45-07:00,0,0
global.js,23,js,8c13e721,Karina Shah,2025-04-17,23:42:04,-07:00,2025-04-17T23:42:04-07:00,0,35
global.js,24,js,8c13e721,Karina Shah,2025-04-17,23:42:04,-07:00,2025-04-17T23:42:04-07:00,0,12
global.js,25,js,8c13e721,Karina Shah,2025-04-17,23:42:04,-07:00,2025-04-17T23:42:04-07:00,0,21
global.js,26,js,8c13e721,Karina Shah,2025-04-17,23:42:04,-07:00,2025-04-17T23:42:04-07:00,0,13
global.js,27,js,8c13e721,Karina Shah,2025-04-17,23:42:04,-07:00,2025-04-17T23:42:04-07:00,0,0
global.js,28,js,8c13e721,Karina Shah,2025-04-17,23:42:04,-07:00,2025-04-17T23:42:04-07:00,0,18
global.js,29,js,8c13e721,Karina Shah,2025-04-17,23:42:04,-07:00,2025-04-17T23:42:04-07:00,0,9
global.js,30,js,8c13e721,Karina Shah,2025-04-17,23:42:04,-07:00,2025-04-17T23:42:04-07:00,0,59
global.js,31,js,8c13e721,Karina Shah,2025-04-17,23:42:04,-07:00,2025-04-17T23:42:04-07:00,0,1
global.js,32,js,54e3439d,Karina Shah,2025-04-17,23:05:45,-07:00,2025-04-17T23:05:45-07:00,0,0
global.js,33,js,8c13e721,Karina Shah,2025-04-17,23:42:04,-07:00,2025-04-17T23:42:04-07:00,0,30
global.js,34,js,8c13e721,Karina Shah,2025-04-17,23:42:04,-07:00,2025-04-17T23:42:04-07:00,0,19
global.js,35,js,8c13e721,Karina Shah,2025-04-17,23:42:04,-07:00,2025-04-17T23:42:04-07:00,0,0
global.js,36,js,8c13e721,Karina Shah,2025-04-17,23:42:04,-07:00,2025-04-17T23:42:04-07:00,0,0
global.js,37,js,12200b2f,Karina Shah,2025-04-18,15:14:01,-07:00,2025-04-18T15:14:01-07:00,0,0
global.js,38,js,87a993f7,Karina Shah,2025-04-18,15:57:52,-07:00,2025-04-18T15:57:52-07:00,0,21
global.js,39,js,87a993f7,Karina Shah,2025-04-18,15:57:52,-07:00,2025-04-18T15:57:52-07:00,0,32
global.js,40,js,87a993f7,Karina Shah,2025-04-18,15:57:52,-07:00,2025-04-18T15:57:52-07:00,0,12
global.js,41,js,87a993f7,Karina Shah,2025-04-18,15:57:52,-07:00,2025-04-18T15:57:52-07:00,0,0
global.js,42,js,12200b2f,Karina Shah,2025-04-18,15:14:01,-07:00,2025-04-18T15:14:01-07:00,0,27
global.js,43,js,12200b2f,Karina Shah,2025-04-18,15:14:01,-07:00,2025-04-18T15:14:01-07:00,0,5
global.js,44,js,12200b2f,Karina Shah,2025-04-18,15:14:01,-07:00,2025-04-18T15:14:01-07:00,0,7
global.js,45,js,f7c8b7e2,Karina Shah,2025-04-18,15:22:45,-07:00,2025-04-18T15:22:45-07:00,0,44
global.js,46,js,12200b2f,Karina Shah,2025-04-18,15:14:01,-07:00,2025-04-18T15:14:01-07:00,0,35
global.js,47,js,12200b2f,Karina Shah,2025-04-18,15:14:01,-07:00,2025-04-18T15:14:01-07:00,0,33
global.js,48,js,12200b2f,Karina Shah,2025-04-18,15:14:01,-07:00,2025-04-18T15:14:01-07:00,0,8
global.js,49,js,12200b2f,Karina Shah,2025-04-18,15:14:01,-07:00,2025-04-18T15:14:01-07:00,0,8
global.js,50,js,12200b2f,Karina Shah,2025-04-18,15:14:01,-07:00,2025-04-18T15:14:01-07:00,0,1
global.js,51,js,12200b2f,Karina Shah,2025-04-18,15:14:01,-07:00,2025-04-18T15:14:01-07:00,0,0
global.js,52,js,12200b2f,Karina Shah,2025-04-18,15:14:01,-07:00,2025-04-18T15:14:01-07:00,0,59
global.js,53,js,12200b2f,Karina Shah,2025-04-18,15:14:01,-07:00,2025-04-18T15:14:01-07:00,0,0
global.js,54,js,12200b2f,Karina Shah,2025-04-18,15:14:01,-07:00,2025-04-18T15:14:01-07:00,0,37
global.js,55,js,87a993f7,Karina Shah,2025-04-18,15:57:52,-07:00,2025-04-18T15:57:52-07:00,0,66
global.js,56,js,87a993f7,Karina Shah,2025-04-18,15:57:52,-07:00,2025-04-18T15:57:52-07:00,0,0
global.js,57,js,87a993f7,Karina Shah,2025-04-18,15:57:52,-07:00,2025-04-18T15:57:52-07:00,0,34
global.js,58,js,87a993f7,Karina Shah,2025-04-18,15:57:52,-07:00,2025-04-18T15:57:52-07:00,0,46
global.js,59,js,87a993f7,Karina Shah,2025-04-18,15:57:52,-07:00,2025-04-18T15:57:52-07:00,0,7
global.js,60,js,87a993f7,Karina Shah,2025-04-18,15:57:52,-07:00,2025-04-18T15:57:52-07:00,0,51
global.js,61,js,87a993f7,Karina Shah,2025-04-18,15:57:52,-07:00,2025-04-18T15:57:52-07:00,0,0
global.js,62,js,87a993f7,Karina Shah,2025-04-18,15:57:52,-07:00,2025-04-18T15:57:52-07:00,0,0
global.js,63,js,12200b2f,Karina Shah,2025-04-18,15:14:01,-07:00,2025-04-18T15:14:01-07:00,0,26
global.js,64,js,12200b2f,Karina Shah,2025-04-18,15:14:01,-07:00,2025-04-18T15:14:01-07:00,0,0
global.js,65,js,12200b2f,Karina Shah,2025-04-18,15:14:01,-07:00,2025-04-18T15:14:01-07:00,0,0
global.js,66,js,12200b2f,Karina Shah,2025-04-18,15:14:01,-07:00,2025-04-18T15:14:01-07:00,0,35
global.js,67,js,12200b2f,Karina Shah,2025-04-18,15:14:01,-07:00,2025-04-18T15:14:01-07:00,0,40
global.js,68,js,87a993f7,Karina Shah,2025-04-18,15:57:52,-07:00,2025-04-18T15:57:52-07:00,0,7
global.js,69,js,87a993f7,Karina Shah,2025-04-18,15:57:52,-07:00,2025-04-18T15:57:52-07:00,0,47
global.js,70,js,12200b2f,Karina Shah,2025-04-18,15:14:01,-07:00,2025-04-18T15:14:01-07:00,0,0
global.js,71,js,12200b2f,Karina Shah,2025-04-18,15:14:01,-07:00,2025-04-18T15:14:01-07:00,0,0
global.js,72,js,12200b2f,Karina Shah,2025-04-18,15:14:01,-07:00,2025-04-18T15:14:01-07:00,0,50
global.js,73,js,12200b2f,Karina Shah,2025-04-18,15:14:01,-07:00,2025-04-18T15:14:01-07:00,0,45
global.js,74,js,12200b2f,Karina Shah,2025-04-18,15:14:01,-07:00,2025-04-18T15:14:01-07:00,0,34
global.js,75,js,12200b2f,Karina Shah,2025-04-18,15:14:01,-07:00,2025-04-18T15:14:01-07:00,0,2
global.js,76,js,d0f785ce,Karina Shah,2025-04-25,17:47:38,-07:00,2025-04-25T17:47:38-07:00,0,0
global.js,77,js,d0f785ce,Karina Shah,2025-04-25,17:47:38,-07:00,2025-04-25T17:47:38-07:00,0,37
global.js,78,js,d0f785ce,Karina Shah,2025-04-25,17:47:38,-07:00,2025-04-25T17:47:38-07:00,0,4
global.js,79,js,d0f785ce,Karina Shah,2025-04-25,17:47:38,-07:00,2025-04-25T17:47:38-07:00,0,40
global.js,80,js,d0f785ce,Karina Shah,2025-04-25,17:47:38,-07:00,2025-04-25T17:47:38-07:00,0,33
global.js,81,js,d0f785ce,Karina Shah,2025-04-25,17:47:38,-07:00,2025-04-25T17:47:38-07:00,0,59
global.js,82,js,d0f785ce,Karina Shah,2025-04-25,17:47:38,-07:00,2025-04-25T17:47:38-07:00,0,0
global.js,83,js,d0f785ce,Karina Shah,2025-04-25,17:47:38,-07:00,2025-04-25T17:47:38-07:00,0,38
global.js,84,js,d0f785ce,Karina Shah,2025-04-25,17:47:38,-07:00,2025-04-25T17:47:38-07:00,0,18
global.js,85,js,d0f785ce,Karina Shah,2025-04-25,17:47:38,-07:00,2025-04-25T17:47:38-07:00,0,67
global.js,86,js,d0f785ce,Karina Shah,2025-04-25,17:47:38,-07:00,2025-04-25T17:47:38-07:00,0,0
global.js,87,js,d0f785ce,Karina Shah,2025-04-25,17:47:38,-07:00,2025-04-25T17:47:38-07:00,0,0
global.js,88,js,d0f785ce,Karina Shah,2025-04-25,17:47:38,-07:00,2025-04-25T17:47:38-07:00,0,30
global.js,89,js,d0f785ce,Karina Shah,2025-04-25,17:47:38,-07:00,2025-04-25T17:47:38-07:00,0,34
global.js,90,js,d0f785ce,Karina Shah,2025-04-25,17:47:38,-07:00,2025-04-25T17:47:38-07:00,0,11
global.js,91,js,d0f785ce,Karina Shah,2025-04-25,17:47:38,-07:00,2025-04-25T17:47:38-07:00,0,16
global.js,92,js,d0f785ce,Karina Shah,2025-04-25,17:47:38,-07:00,2025-04-25T17:47:38-07:00,0,60
global.js,93,js,d0f785ce,Karina Shah,2025-04-25,17:47:38,-07:00,2025-04-25T17:47:38-07:00,0,0
global.js,94,js,d0f785ce,Karina Shah,2025-04-25,17:47:38,-07:00,2025-04-25T17:47:38-07:00,0,0
global.js,95,js,d0f785ce,Karina Shah,2025-04-25,17:47:38,-07:00,2025-04-25T17:47:38-07:00,0,0
global.js,96,js,d0f785ce,Karina Shah,2025-04-25,17:47:38,-07:00,2025-04-25T17:47:38-07:00,0,80
global.js,97,js,d0f785ce,Karina Shah,2025-04-25,17:47:38,-07:00,2025-04-25T17:47:38-07:00,0,30
global.js,98,js,d0f785ce,Karina Shah,2025-04-25,17:47:38,-07:00,2025-04-25T17:47:38-07:00,0,23
global.js,99,js,d0f785ce,Karina Shah,2025-04-25,17:47:38,-07:00,2025-04-25T17:47:38-07:00,0,52
global.js,100,js,d0f785ce,Karina Shah,2025-04-25,17:47:38,-07:00,2025-04-25T17:47:38-07:00,0,6
global.js,101,js,d0f785ce,Karina Shah,2025-04-25,17:47:38,-07:00,2025-04-25T17:47:38-07:00,0,0
global.js,102,js,d0f785ce,Karina Shah,2025-04-25,17:47:38,-07:00,2025-04-25T17:47:38-07:00,0,0
global.js,103,js,d0f785ce,Karina Shah,2025-04-25,17:47:38,-07:00,2025-04-25T17:47:38-07:00,0,27
global.js,104,js,d0f785ce,Karina Shah,2025-04-25,17:47:38,-07:00,2025-04-25T17:47:38-07:00,0,31
global.js,105,js,d0f785ce,Karina Shah,2025-04-25,17:47:38,-07:00,2025-04-25T17:47:38-07:00,0,0
global.js,106,js,d0f785ce,Karina Shah,2025-04-25,17:47:38,-07:00,2025-04-25T17:47:38-07:00,0,51
global.js,107,js,d0f785ce,Karina Shah,2025-04-25,17:47:38,-07:00,2025-04-25T17:47:38-07:00,0,58
global.js,108,js,d0f785ce,Karina Shah,2025-04-25,17:47:38,-07:00,2025-04-25T17:47:38-07:00,0,43
global.js,109,js,d0f785ce,Karina Shah,2025-04-25,17:47:38,-07:00,2025-04-25T17:47:38-07:00,0,83
global.js,110,js,d0f785ce,Karina Shah,2025-04-25,17:47:38,-07:00,2025-04-25T17:47:38-07:00,0,19
global.js,111,js,d0f785ce,Karina Shah,2025-04-25,17:47:38,-07:00,2025-04-25T17:47:38-07:00,0,0
global.js,112,js,d0f785ce,Karina Shah,2025-04-25,17:47:38,-07:00,2025-04-25T17:47:38-07:00,0,0
global.js,113,js,d0f785ce,Karina Shah,2025-04-25,17:47:38,-07:00,2025-04-25T17:47:38-07:00,0,52
global.js,114,js,d0f785ce,Karina Shah,2025-04-25,17:47:38,-07:00,2025-04-25T17:47:38-07:00,0,32
global.js,115,js,d0f785ce,Karina Shah,2025-04-25,17:47:38,-07:00,2025-04-25T17:47:38-07:00,0,49
global.js,116,js,d0f785ce,Karina Shah,2025-04-25,17:47:38,-07:00,2025-04-25T17:47:38-07:00,0,0
global.js,117,js,d0f785ce,Karina Shah,2025-04-25,17:47:38,-07:00,2025-04-25T17:47:38-07:00,0,71
global.js,118,js,d0f785ce,Karina Shah,2025-04-25,17:47:38,-07:00,2025-04-25T17:47:38-07:00,0,49
global.js,119,js,d0f785ce,Karina Shah,2025-04-25,17:47:38,-07:00,2025-04-25T17:47:38-07:00,0,100
global.js,120,js,d0f785ce,Karina Shah,2025-04-25,17:47:38,-07:00,2025-04-25T17:47:38-07:00,0,70
global.js,121,js,d0f785ce,Karina Shah,2025-04-25,17:47:38,-07:00,2025-04-25T17:47:38-07:00,0,0
global.js,122,js,d0f785ce,Karina Shah,2025-04-25,17:47:38,-07:00,2025-04-25T17:47:38-07:00,0,45
global.js,123,js,d0f785ce,Karina Shah,2025-04-25,17:47:38,-07:00,2025-04-25T17:47:38-07:00,0,20
global.js,124,js,7a726c7a,Karina Shah,2025-05-02,17:36:08,-07:00,2025-05-02T17:36:08-07:00,0,42
global.js,125,js,7a726c7a,Karina Shah,2025-05-02,17:36:08,-07:00,2025-05-02T17:36:08-07:00,0,34
global.js,126,js,7a726c7a,Karina Shah,2025-05-02,17:36:08,-07:00,2025-05-02T17:36:08-07:00,0,25
global.js,127,js,7a726c7a,Karina Shah,2025-05-02,17:36:08,-07:00,2025-05-02T17:36:08-07:00,0,20
global.js,128,js,7a726c7a,Karina Shah,2025-05-02,17:36:08,-07:00,2025-05-02T17:36:08-07:00,0,42
global.js,129,js,7a726c7a,Karina Shah,2025-05-02,17:36:08,-07:00,2025-05-02T17:36:08-07:00,0,5
global.js,130,js,7a726c7a,Karina Shah,2025-05-02,17:36:08,-07:00,2025-05-02T17:36:08-07:00,0,1
global.js,131,js,7a726c7a,Karina Shah,2025-05-02,17:36:08,-07:00,2025-05-02T17:36:08-07:00,0,0
global.js,132,js,d0f785ce,Karina Shah,2025-04-25,17:47:38,-07:00,2025-04-25T17:47:38-07:00,0,0
global.js,133,js,d0f785ce,Karina Shah,2025-04-25,17:47:38,-07:00,2025-04-25T17:47:38-07:00,0,40
global.js,134,js,d0f785ce,Karina Shah,2025-04-25,17:47:38,-07:00,2025-04-25T17:47:38-07:00,0,37
global.js,135,js,d0f785ce,Karina Shah,2025-04-25,17:47:38,-07:00,2025-04-25T17:47:38-07:00,0,0
global.js,136,js,d0f785ce,Karina Shah,2025-04-25,17:47:38,-07:00,2025-04-25T17:47:38-07:00,0,0
global.js,137,js,d0f785ce,Karina Shah,2025-04-25,17:47:38,-07:00,2025-04-25T17:47:38-07:00,0,0
global.js,138,js,1c0eeca1,Karina Shah,2025-04-25,18:13:17,-07:00,2025-04-25T18:13:17-07:00,0,48
global.js,139,js,1c0eeca1,Karina Shah,2025-04-25,18:13:17,-07:00,2025-04-25T18:13:17-07:00,0,46
global.js,140,js,65b3cde2,Karina Shah,2025-04-25,18:18:12,-07:00,2025-04-25T18:18:12-07:00,0,60
global.js,141,js,1c0eeca1,Karina Shah,2025-04-25,18:13:17,-07:00,2025-04-25T18:13:17-07:00,0,0
resume/index.html,1,html,8c13e721,Karina Shah,2025-04-17,23:42:04,-07:00,2025-04-17T23:42:04-07:00,0,14
resume/index.html,2,html,7641baff,Karina Shah,2025-04-04,17:55:02,-07:00,2025-04-04T17:55:02-07:00,0,15
resume/index.html,3,html,7641baff,Karina Shah,2025-04-04,17:55:02,-07:00,2025-04-04T17:55:02-07:00,0,5
resume/index.html,4,html,7641baff,Karina Shah,2025-04-04,17:55:02,-07:00,2025-04-04T17:55:02-07:00,0,21
resume/index.html,5,html,7641baff,Karina Shah,2025-04-04,17:55:02,-07:00,2025-04-04T17:55:02-07:00,0,34
resume/index.html,6,html,7641baff,Karina Shah,2025-04-04,17:55:02,-07:00,2025-04-04T17:55:02-07:00,0,42
resume/index.html,7,html,fafa9d65,Karina Shah,2025-04-17,23:51:15,-07:00,2025-04-17T23:51:15-07:00,0,49
resume/index.html,8,html,7641baff,Karina Shah,2025-04-04,17:55:02,-07:00,2025-04-04T17:55:02-07:00,0,6
resume/index.html,9,html,8c13e721,Karina Shah,2025-04-17,23:42:04,-07:00,2025-04-17T23:42:04-07:00,0,20
resume/index.html,10,html,8c13e721,Karina Shah,2025-04-17,23:42:04,-07:00,2025-04-17T23:42:04-07:00,0,0
resume/index.html,11,html,7641baff,Karina Shah,2025-04-04,17:55:02,-07:00,2025-04-04T17:55:02-07:00,0,14
resume/index.html,12,html,7641baff,Karina Shah,2025-04-04,17:55:02,-07:00,2025-04-04T17:55:02-07:00,0,0
resume/index.html,13,html,7641baff,Karina Shah,2025-04-04,17:55:02,-07:00,2025-04-04T17:55:02-07:00,0,8
resume/index.html,14,html,7641baff,Karina Shah,2025-04-04,17:55:02,-07:00,2025-04-04T17:55:02-07:00,0,7
resume/index.html,15,html,7641baff,Karina Shah,2025-04-04,17:55:02,-07:00,2025-04-04T17:55:02-07:00,0,17
resume/index.html,16,html,7641baff,Karina Shah,2025-04-04,17:55:02,-07:00,2025-04-04T17:55:02-07:00,0,8
resume/index.html,17,html,7641baff,Karina Shah,2025-04-04,17:55:02,-07:00,2025-04-04T17:55:02-07:00,0,8
resume/index.html,18,html,7641baff,Karina Shah,2025-04-04,17:55:02,-07:00,2025-04-04T17:55:02-07:00,0,43
resume/index.html,19,html,7641baff,Karina Shah,2025-04-04,17:55:02,-07:00,2025-04-04T17:55:02-07:00,0,44
resume/index.html,20,html,8c13e721,Karina Shah,2025-04-17,23:42:04,-07:00,2025-04-17T23:42:04-07:00,0,157
resume/index.html,21,html,7641baff,Karina Shah,2025-04-04,17:55:02,-07:00,2025-04-04T17:55:02-07:00,0,9
resume/index.html,22,html,7641baff,Karina Shah,2025-04-04,17:55:02,-07:00,2025-04-04T17:55:02-07:00,0,9
resume/index.html,23,html,7641baff,Karina Shah,2025-04-04,17:55:02,-07:00,2025-04-04T17:55:02-07:00,0,0
resume/index.html,24,html,7641baff,Karina Shah,2025-04-04,17:55:02,-07:00,2025-04-04T17:55:02-07:00,0,8
resume/index.html,25,html,7641baff,Karina Shah,2025-04-04,17:55:02,-07:00,2025-04-04T17:55:02-07:00,0,7
resume/index.html,26,html,7641baff,Karina Shah,2025-04-04,17:55:02,-07:00,2025-04-04T17:55:02-07:00,0,18
resume/index.html,27,html,7641baff,Karina Shah,2025-04-04,17:55:02,-07:00,2025-04-04T17:55:02-07:00,0,8
resume/index.html,28,html,7641baff,Karina Shah,2025-04-04,17:55:02,-07:00,2025-04-04T17:55:02-07:00,0,8
resume/index.html,29,html,7641baff,Karina Shah,2025-04-04,17:55:02,-07:00,2025-04-04T17:55:02-07:00,0,70
resume/index.html,30,html,7641baff,Karina Shah,2025-04-04,17:55:02,-07:00,2025-04-04T17:55:02-07:00,0,82
resume/index.html,31,html,8c13e721,Karina Shah,2025-04-17,23:42:04,-07:00,2025-04-17T23:42:04-07:00,0,153
resume/index.html,32,html,7641baff,Karina Shah,2025-04-04,17:55:02,-07:00,2025-04-04T17:55:02-07:00,0,9
resume/index.html,33,html,7641baff,Karina Shah,2025-04-04,17:55:02,-07:00,2025-04-04T17:55:02-07:00,0,0
resume/index.html,34,html,7641baff,Karina Shah,2025-04-04,17:55:02,-07:00,2025-04-04T17:55:02-07:00,0,8
resume/index.html,35,html,7641baff,Karina Shah,2025-04-04,17:55:02,-07:00,2025-04-04T17:55:02-07:00,0,59
resume/index.html,36,html,7641baff,Karina Shah,2025-04-04,17:55:02,-07:00,2025-04-04T17:55:02-07:00,0,138
resume/index.html,37,html,8c13e721,Karina Shah,2025-04-17,23:42:04,-07:00,2025-04-17T23:42:04-07:00,0,159
resume/index.html,38,html,7641baff,Karina Shah,2025-04-04,17:55:02,-07:00,2025-04-04T17:55:02-07:00,0,9
resume/index.html,39,html,7641baff,Karina Shah,2025-04-04,17:55:02,-07:00,2025-04-04T17:55:02-07:00,0,9
resume/index.html,40,html,7641baff,Karina Shah,2025-04-04,17:55:02,-07:00,2025-04-04T17:55:02-07:00,0,0
resume/index.html,41,html,7641baff,Karina Shah,2025-04-04,17:55:02,-07:00,2025-04-04T17:55:02-07:00,0,8
resume/index.html,42,html,7641baff,Karina Shah,2025-04-04,17:55:02,-07:00,2025-04-04T17:55:02-07:00,0,7
resume/index.html,43,html,7641baff,Karina Shah,2025-04-04,17:55:02,-07:00,2025-04-04T17:55:02-07:00,0,14
resume/index.html,44,html,7641baff,Karina Shah,2025-04-04,17:55:02,-07:00,2025-04-04T17:55:02-07:00,0,8
resume/index.html,45,html,7641baff,Karina Shah,2025-04-04,17:55:02,-07:00,2025-04-04T17:55:02-07:00,0,3
resume/index.html,46,html,7641baff,Karina Shah,2025-04-04,17:55:02,-07:00,2025-04-04T17:55:02-07:00,0,37
resume/index.html,47,html,7641baff,Karina Shah,2025-04-04,17:55:02,-07:00,2025-04-04T17:55:02-07:00,0,35
resume/index.html,48,html,7641baff,Karina Shah,2025-04-04,17:55:02,-07:00,2025-04-04T17:55:02-07:00,0,4
resume/index.html,49,html,7641baff,Karina Shah,2025-04-04,17:55:02,-07:00,2025-04-04T17:55:02-07:00,0,9
resume/index.html,50,html,7641baff,Karina Shah,2025-04-04,17:55:02,-07:00,2025-04-04T17:55:02-07:00,0,0
resume/index.html,51,html,7641baff,Karina Shah,2025-04-04,17:55:02,-07:00,2025-04-04T17:55:02-07:00,0,6
resume/index.html,52,html,7641baff,Karina Shah,2025-04-04,17:55:02,-07:00,2025-04-04T17:55:02-07:00,0,6
projects/projects.js,1,js,d0f785ce,Karina Shah,2025-04-25,17:47:38,-07:00,2025-04-25T17:47:38-07:00,0,56
projects/projects.js,2,js,40f7c7f4,Karina Shah,2025-05-02,19:12:38,-07:00,2025-05-02T19:12:38-07:00,0,64
projects/projects.js,3,js,d0f785ce,Karina Shah,2025-04-25,17:47:38,-07:00,2025-04-25T17:47:38-07:00,0,0
projects/projects.js,4,js,d0f785ce,Karina Shah,2025-04-25,17:47:38,-07:00,2025-04-25T17:47:38-07:00,0,56
projects/projects.js,5,js,d0f785ce,Karina Shah,2025-04-25,17:47:38,-07:00,2025-04-25T17:47:38-07:00,0,61
projects/projects.js,6,js,249bce84,Karina Shah,2025-04-25,17:52:18,-07:00,2025-04-25T17:52:18-07:00,0,62
projects/projects.js,7,js,c25094e4,Karina Shah,2025-05-02,19:57:46,-07:00,2025-05-02T19:57:46-07:00,0,56
projects/projects.js,8,js,249bce84,Karina Shah,2025-04-25,17:52:18,-07:00,2025-04-25T17:52:18-07:00,0,0
projects/projects.js,9,js,9d6dba18,Karina Shah,2025-05-02,20:23:09,-07:00,2025-05-02T20:23:09-07:00,0,14
projects/projects.js,10,js,9d6dba18,Karina Shah,2025-05-02,20:23:09,-07:00,2025-05-02T20:23:09-07:00,0,22
projects/projects.js,11,js,9d6dba18,Karina Shah,2025-05-02,20:23:09,-07:00,2025-05-02T20:23:09-07:00,0,0
projects/projects.js,12,js,c25094e4,Karina Shah,2025-05-02,19:57:46,-07:00,2025-05-02T19:57:46-07:00,0,49
projects/projects.js,13,js,c25094e4,Karina Shah,2025-05-02,19:57:46,-07:00,2025-05-02T19:57:46-07:00,0,74
projects/projects.js,14,js,40f7c7f4,Karina Shah,2025-05-02,19:12:38,-07:00,2025-05-02T19:12:38-07:00,0,0
projects/projects.js,15,js,9d6dba18,Karina Shah,2025-05-02,20:23:09,-07:00,2025-05-02T20:23:09-07:00,0,24
projects/projects.js,16,js,5234c664,Karina Shah,2025-05-02,19:37:10,-07:00,2025-05-02T19:37:10-07:00,0,0
projects/projects.js,17,js,9d6dba18,Karina Shah,2025-05-02,20:23:09,-07:00,2025-05-02T20:23:09-07:00,0,31
projects/projects.js,18,js,9d6dba18,Karina Shah,2025-05-02,20:23:09,-07:00,2025-05-02T20:23:09-07:00,0,29
projects/projects.js,19,js,9d6dba18,Karina Shah,2025-05-02,20:23:09,-07:00,2025-05-02T20:23:09-07:00,0,31
projects/projects.js,20,js,c25094e4,Karina Shah,2025-05-02,19:57:46,-07:00,2025-05-02T19:57:46-07:00,0,39
projects/projects.js,21,js,9d6dba18,Karina Shah,2025-05-02,20:23:09,-07:00,2025-05-02T20:23:09-07:00,0,46
projects/projects.js,22,js,9d6dba18,Karina Shah,2025-05-02,20:23:09,-07:00,2025-05-02T20:23:09-07:00,0,35
projects/projects.js,23,js,5234c664,Karina Shah,2025-05-02,19:37:10,-07:00,2025-05-02T19:37:10-07:00,0,0
projects/projects.js,24,js,9d6dba18,Karina Shah,2025-05-02,20:23:09,-07:00,2025-05-02T20:23:09-07:00,0,30
projects/projects.js,25,js,c25094e4,Karina Shah,2025-05-02,19:57:46,-07:00,2025-05-02T19:57:46-07:00,0,30
projects/projects.js,26,js,5234c664,Karina Shah,2025-05-02,19:37:10,-07:00,2025-05-02T19:37:10-07:00,0,0
projects/projects.js,27,js,9d6dba18,Karina Shah,2025-05-02,20:23:09,-07:00,2025-05-02T20:23:09-07:00,0,60
projects/projects.js,28,js,9d6dba18,Karina Shah,2025-05-02,20:23:09,-07:00,2025-05-02T20:23:09-07:00,0,29
projects/projects.js,29,js,9d6dba18,Karina Shah,2025-05-02,20:23:09,-07:00,2025-05-02T20:23:09-07:00,0,13
projects/projects.js,30,js,9d6dba18,Karina Shah,2025-05-02,20:23:09,-07:00,2025-05-02T20:23:09-07:00,0,15
projects/projects.js,31,js,9d6dba18,Karina Shah,2025-05-02,20:23:09,-07:00,2025-05-02T20:23:09-07:00,0,12
projects/projects.js,32,js,9d6dba18,Karina Shah,2025-05-02,20:23:09,-07:00,2025-05-02T20:23:09-07:00,0,1
projects/projects.js,33,js,9d6dba18,Karina Shah,2025-05-02,20:23:09,-07:00,2025-05-02T20:23:09-07:00,0,0
projects/projects.js,34,js,9d6dba18,Karina Shah,2025-05-02,20:23:09,-07:00,2025-05-02T20:23:09-07:00,0,47
projects/projects.js,35,js,9d6dba18,Karina Shah,2025-05-02,20:23:09,-07:00,2025-05-02T20:23:09-07:00,0,36
projects/projects.js,36,js,9d6dba18,Karina Shah,2025-05-02,20:23:09,-07:00,2025-05-02T20:23:09-07:00,0,2
projects/projects.js,37,js,9d6dba18,Karina Shah,2025-05-02,20:23:09,-07:00,2025-05-02T20:23:09-07:00,0,0
projects/projects.js,38,js,9d6dba18,Karina Shah,2025-05-02,20:23:09,-07:00,2025-05-02T20:23:09-07:00,0,53
projects/projects.js,39,js,9d6dba18,Karina Shah,2025-05-02,20:23:09,-07:00,2025-05-02T20:23:09-07:00,0,36
projects/projects.js,40,js,9d6dba18,Karina Shah,2025-05-02,20:23:09,-07:00,2025-05-02T20:23:09-07:00,0,48
projects/projects.js,41,js,9d6dba18,Karina Shah,2025-05-02,20:23:09,-07:00,2025-05-02T20:23:09-07:00,0,50
projects/projects.js,42,js,cf7affef,Karina Shah,2025-05-02,20:06:55,-07:00,2025-05-02T20:06:55-07:00,0,0
projects/projects.js,43,js,9d6dba18,Karina Shah,2025-05-02,20:23:09,-07:00,2025-05-02T20:23:09-07:00,0,40
projects/projects.js,44,js,9d6dba18,Karina Shah,2025-05-02,20:23:09,-07:00,2025-05-02T20:23:09-07:00,0,25
projects/projects.js,45,js,c25094e4,Karina Shah,2025-05-02,19:57:46,-07:00,2025-05-02T19:57:46-07:00,0,17
projects/projects.js,46,js,9d6dba18,Karina Shah,2025-05-02,20:23:09,-07:00,2025-05-02T20:23:09-07:00,0,14
projects/projects.js,47,js,9d6dba18,Karina Shah,2025-05-02,20:23:09,-07:00,2025-05-02T20:23:09-07:00,0,23
projects/projects.js,48,js,9d6dba18,Karina Shah,2025-05-02,20:23:09,-07:00,2025-05-02T20:23:09-07:00,0,52
projects/projects.js,49,js,cf7affef,Karina Shah,2025-05-02,20:06:55,-07:00,2025-05-02T20:06:55-07:00,0,19
projects/projects.js,50,js,9d6dba18,Karina Shah,2025-05-02,20:23:09,-07:00,2025-05-02T20:23:09-07:00,0,44
projects/projects.js,51,js,9d6dba18,Karina Shah,2025-05-02,20:23:09,-07:00,2025-05-02T20:23:09-07:00,0,0
projects/projects.js,52,js,9d6dba18,Karina Shah,2025-05-02,20:23:09,-07:00,2025-05-02T20:23:09-07:00,0,20
projects/projects.js,53,js,9d6dba18,Karina Shah,2025-05-02,20:23:09,-07:00,2025-05-02T20:23:09-07:00,0,69
projects/projects.js,54,js,9d6dba18,Karina Shah,2025-05-02,20:23:09,-07:00,2025-05-02T20:23:09-07:00,0,0
projects/projects.js,55,js,9d6dba18,Karina Shah,2025-05-02,20:23:09,-07:00,2025-05-02T20:23:09-07:00,0,21
projects/projects.js,56,js,9d6dba18,Karina Shah,2025-05-02,20:23:09,-07:00,2025-05-02T20:23:09-07:00,0,25
projects/projects.js,57,js,9d6dba18,Karina Shah,2025-05-02,20:23:09,-07:00,2025-05-02T20:23:09-07:00,0,61
projects/projects.js,58,js,9d6dba18,Karina Shah,2025-05-02,20:23:09,-07:00,2025-05-02T20:23:09-07:00,0,1
projects/projects.js,59,js,cf7affef,Karina Shah,2025-05-02,20:06:55,-07:00,2025-05-02T20:06:55-07:00,0,0
projects/projects.js,60,js,cf7affef,Karina Shah,2025-05-02,20:06:55,-07:00,2025-05-02T20:06:55-07:00,0,26
projects/projects.js,61,js,9d6dba18,Karina Shah,2025-05-02,20:23:09,-07:00,2025-05-02T20:23:09-07:00,0,54
projects/projects.js,62,js,9d6dba18,Karina Shah,2025-05-02,20:23:09,-07:00,2025-05-02T20:23:09-07:00,0,16
projects/projects.js,63,js,9d6dba18,Karina Shah,2025-05-02,20:23:09,-07:00,2025-05-02T20:23:09-07:00,0,61
projects/projects.js,64,js,cf7affef,Karina Shah,2025-05-02,20:06:55,-07:00,2025-05-02T20:06:55-07:00,0,7
projects/projects.js,65,js,9d6dba18,Karina Shah,2025-05-02,20:23:09,-07:00,2025-05-02T20:23:09-07:00,0,46
projects/projects.js,66,js,9d6dba18,Karina Shah,2025-05-02,20:23:09,-07:00,2025-05-02T20:23:09-07:00,0,45
projects/projects.js,67,js,9d6dba18,Karina Shah,2025-05-02,20:23:09,-07:00,2025-05-02T20:23:09-07:00,0,29
projects/projects.js,68,js,9d6dba18,Karina Shah,2025-05-02,20:23:09,-07:00,2025-05-02T20:23:09-07:00,0,1
projects/projects.js,69,js,9d6dba18,Karina Shah,2025-05-02,20:23:09,-07:00,2025-05-02T20:23:09-07:00,0,57
projects/projects.js,70,js,9d6dba18,Karina Shah,2025-05-02,20:23:09,-07:00,2025-05-02T20:23:09-07:00,0,16
projects/projects.js,71,js,9d6dba18,Karina Shah,2025-05-02,20:23:09,-07:00,2025-05-02T20:23:09-07:00,0,134
projects/projects.js,72,js,cf7affef,Karina Shah,2025-05-02,20:06:55,-07:00,2025-05-02T20:06:55-07:00,0,0
projects/projects.js,73,js,cf7affef,Karina Shah,2025-05-02,20:06:55,-07:00,2025-05-02T20:06:55-07:00,0,2
projects/projects.js,74,js,c25094e4,Karina Shah,2025-05-02,19:57:46,-07:00,2025-05-02T19:57:46-07:00,0,2
projects/projects.js,75,js,c25094e4,Karina Shah,2025-05-02,19:57:46,-07:00,2025-05-02T19:57:46-07:00,0,0
projects/projects.js,76,js,9d6dba18,Karina Shah,2025-05-02,20:23:09,-07:00,2025-05-02T20:23:09-07:00,0,19
projects/projects.js,77,js,9d6dba18,Karina Shah,2025-05-02,20:23:09,-07:00,2025-05-02T20:23:09-07:00,0,23
projects/projects.js,78,js,c25094e4,Karina Shah,2025-05-02,19:57:46,-07:00,2025-05-02T19:57:46-07:00,0,18
projects/projects.js,79,js,9d6dba18,Karina Shah,2025-05-02,20:23:09,-07:00,2025-05-02T20:23:09-07:00,0,37
projects/projects.js,80,js,9d6dba18,Karina Shah,2025-05-02,20:23:09,-07:00,2025-05-02T20:23:09-07:00,0,75
projects/projects.js,81,js,cf7affef,Karina Shah,2025-05-02,20:06:55,-07:00,2025-05-02T20:06:55-07:00,0,69
projects/projects.js,82,js,cf7affef,Karina Shah,2025-05-02,20:06:55,-07:00,2025-05-02T20:06:55-07:00,0,19
projects/projects.js,83,js,9d6dba18,Karina Shah,2025-05-02,20:23:09,-07:00,2025-05-02T20:23:09-07:00,0,44
projects/projects.js,84,js,9d6dba18,Karina Shah,2025-05-02,20:23:09,-07:00,2025-05-02T20:23:09-07:00,0,0
projects/projects.js,85,js,9d6dba18,Karina Shah,2025-05-02,20:23:09,-07:00,2025-05-02T20:23:09-07:00,0,20
projects/projects.js,86,js,9d6dba18,Karina Shah,2025-05-02,20:23:09,-07:00,2025-05-02T20:23:09-07:00,0,69
projects/projects.js,87,js,9d6dba18,Karina Shah,2025-05-02,20:23:09,-07:00,2025-05-02T20:23:09-07:00,0,0
projects/projects.js,88,js,9d6dba18,Karina Shah,2025-05-02,20:23:09,-07:00,2025-05-02T20:23:09-07:00,0,21
projects/projects.js,89,js,9d6dba18,Karina Shah,2025-05-02,20:23:09,-07:00,2025-05-02T20:23:09-07:00,0,25
projects/projects.js,90,js,9d6dba18,Karina Shah,2025-05-02,20:23:09,-07:00,2025-05-02T20:23:09-07:00,0,61
projects/projects.js,91,js,9d6dba18,Karina Shah,2025-05-02,20:23:09,-07:00,2025-05-02T20:23:09-07:00,0,1
projects/projects.js,92,js,cf7affef,Karina Shah,2025-05-02,20:06:55,-07:00,2025-05-02T20:06:55-07:00,0,0
projects/projects.js,93,js,cf7affef,Karina Shah,2025-05-02,20:06:55,-07:00,2025-05-02T20:06:55-07:00,0,26
projects/projects.js,94,js,9d6dba18,Karina Shah,2025-05-02,20:23:09,-07:00,2025-05-02T20:23:09-07:00,0,54
projects/projects.js,95,js,9d6dba18,Karina Shah,2025-05-02,20:23:09,-07:00,2025-05-02T20:23:09-07:00,0,16
projects/projects.js,96,js,9d6dba18,Karina Shah,2025-05-02,20:23:09,-07:00,2025-05-02T20:23:09-07:00,0,61
projects/projects.js,97,js,cf7affef,Karina Shah,2025-05-02,20:06:55,-07:00,2025-05-02T20:06:55-07:00,0,7
projects/projects.js,98,js,9d6dba18,Karina Shah,2025-05-02,20:23:09,-07:00,2025-05-02T20:23:09-07:00,0,46
projects/projects.js,99,js,9d6dba18,Karina Shah,2025-05-02,20:23:09,-07:00,2025-05-02T20:23:09-07:00,0,45
projects/projects.js,100,js,9d6dba18,Karina Shah,2025-05-02,20:23:09,-07:00,2025-05-02T20:23:09-07:00,0,29
projects/projects.js,101,js,9d6dba18,Karina Shah,2025-05-02,20:23:09,-07:00,2025-05-02T20:23:09-07:00,0,1
projects/projects.js,102,js,9d6dba18,Karina Shah,2025-05-02,20:23:09,-07:00,2025-05-02T20:23:09-07:00,0,57
projects/projects.js,103,js,9d6dba18,Karina Shah,2025-05-02,20:23:09,-07:00,2025-05-02T20:23:09-07:00,0,16
projects/projects.js,104,js,9d6dba18,Karina Shah,2025-05-02,20:23:09,-07:00,2025-05-02T20:23:09-07:00,0,134
projects/projects.js,105,js,cf7affef,Karina Shah,2025-05-02,20:06:55,-07:00,2025-05-02T20:06:55-07:00,0,0
projects/projects.js,106,js,cf7affef,Karina Shah,2025-05-02,20:06:55,-07:00,2025-05-02T20:06:55-07:00,0,2
projects/projects.js,107,js,c25094e4,Karina Shah,2025-05-02,19:57:46,-07:00,2025-05-02T19:57:46-07:00,0,2
projects/projects.js,108,js,c25094e4,Karina Shah,2025-05-02,19:57:46,-07:00,2025-05-02T19:57:46-07:00,0,0
projects/projects.js,109,js,c25094e4,Karina Shah,2025-05-02,19:57:46,-07:00,2025-05-02T19:57:46-07:00,0,0
projects/projects.js,110,js,9d6dba18,Karina Shah,2025-05-02,20:23:09,-07:00,2025-05-02T20:23:09-07:00,0,31
projects/projects.js,111,js,9d6dba18,Karina Shah,2025-05-02,20:23:09,-07:00,2025-05-02T20:23:09-07:00,0,22
projects/projects.js,112,js,9d6dba18,Karina Shah,2025-05-02,20:23:09,-07:00,2025-05-02T20:23:09-07:00,0,31
projects/projects.js,113,js,c25094e4,Karina Shah,2025-05-02,19:57:46,-07:00,2025-05-02T19:57:46-07:00,0,49
projects/projects.js,114,js,9d6dba18,Karina Shah,2025-05-02,20:23:09,-07:00,2025-05-02T20:23:09-07:00,0,40
projects/projects.js,115,js,9d6dba18,Karina Shah,2025-05-02,20:23:09,-07:00,2025-05-02T20:23:09-07:00,0,18
projects/projects.js,116,js,5234c664,Karina Shah,2025-05-02,19:37:10,-07:00,2025-05-02T19:37:10-07:00,0,0
projects/projects.js,117,js,9d6dba18,Karina Shah,2025-05-02,20:23:09,-07:00,2025-05-02T20:23:09-07:00,0,54
projects/projects.js,118,js,9d6dba18,Karina Shah,2025-05-02,20:23:09,-07:00,2025-05-02T20:23:09-07:00,0,61
projects/projects.js,119,js,9d6dba18,Karina Shah,2025-05-02,20:23:09,-07:00,2025-05-02T20:23:09-07:00,0,29
projects/projects.js,120,js,9d6dba18,Karina Shah,2025-05-02,20:23:09,-07:00,2025-05-02T20:23:09-07:00,0,2
projects/projects.js,121,js,c25094e4,Karina Shah,2025-05-02,19:57:46,-07:00,2025-05-02T19:57:46-07:00,0,0
projects/projects.js,122,js,9d6dba18,Karina Shah,2025-05-02,20:23:09,-07:00,2025-05-02T20:23:09-07:00,0,57
projects/projects.js,123,js,9d6dba18,Karina Shah,2025-05-02,20:23:09,-07:00,2025-05-02T20:23:09-07:00,0,32
projects/projects.js,124,js,9d6dba18,Karina Shah,2025-05-02,20:23:09,-07:00,2025-05-02T20:23:09-07:00,0,16
projects/projects.js,125,js,9d6dba18,Karina Shah,2025-05-02,20:23:09,-07:00,2025-05-02T20:23:09-07:00,0,113
projects/projects.js,126,js,c25094e4,Karina Shah,2025-05-02,19:57:46,-07:00,2025-05-02T19:57:46-07:00,0,2
projects/index.html,1,html,8c13e721,Karina Shah,2025-04-17,23:42:04,-07:00,2025-04-17T23:42:04-07:00,0,14
projects/index.html,2,html,36a19109,Karina Shah,2025-04-04,16:01:06,-07:00,2025-04-04T16:01:06-07:00,0,15
projects/index.html,3,html,36a19109,Karina Shah,2025-04-04,16:01:06,-07:00,2025-04-04T16:01:06-07:00,0,5
projects/index.html,4,html,36a19109,Karina Shah,2025-04-04,16:01:06,-07:00,2025-04-04T16:01:06-07:00,0,21
projects/index.html,5,html,36a19109,Karina Shah,2025-04-04,16:01:06,-07:00,2025-04-04T16:01:06-07:00,0,22
projects/index.html,6,html,7641baff,Karina Shah,2025-04-04,17:55:02,-07:00,2025-04-04T17:55:02-07:00,0,42
projects/index.html,7,html,36a19109,Karina Shah,2025-04-04,16:01:06,-07:00,2025-04-04T16:01:06-07:00,0,6
projects/index.html,8,html,36a19109,Karina Shah,2025-04-04,16:01:06,-07:00,2025-04-04T16:01:06-07:00,0,5
projects/index.html,9,html,36a19109,Karina Shah,2025-04-04,16:01:06,-07:00,2025-04-04T16:01:06-07:00,0,0
projects/index.html,10,html,1e8b7c87,Karina Shah,2025-05-02,18:56:37,-07:00,2025-05-02T18:56:37-07:00,0,42
projects/index.html,11,html,ca26b48b,Karina Shah,2025-05-02,18:48:07,-07:00,2025-05-02T18:48:07-07:00,0,0
projects/index.html,12,html,5234c664,Karina Shah,2025-05-02,19:37:10,-07:00,2025-05-02T19:37:10-07:00,0,22
projects/index.html,13,html,5234c664,Karina Shah,2025-05-02,19:37:10,-07:00,2025-05-02T19:37:10-07:00,0,59
projects/index.html,14,html,5234c664,Karina Shah,2025-05-02,19:37:10,-07:00,2025-05-02T19:37:10-07:00,0,23
projects/index.html,15,html,5234c664,Karina Shah,2025-05-02,19:37:10,-07:00,2025-05-02T19:37:10-07:00,0,5
projects/index.html,16,html,1e8b7c87,Karina Shah,2025-05-02,18:56:37,-07:00,2025-05-02T18:56:37-07:00,0,0
projects/index.html,17,html,c25094e4,Karina Shah,2025-05-02,19:57:46,-07:00,2025-05-02T19:57:46-07:00,0,5
projects/index.html,18,html,c25094e4,Karina Shah,2025-05-02,19:57:46,-07:00,2025-05-02T19:57:46-07:00,0,16
projects/index.html,19,html,c25094e4,Karina Shah,2025-05-02,19:57:46,-07:00,2025-05-02T19:57:46-07:00,0,12
projects/index.html,20,html,c25094e4,Karina Shah,2025-05-02,19:57:46,-07:00,2025-05-02T19:57:46-07:00,0,27
projects/index.html,21,html,c25094e4,Karina Shah,2025-05-02,19:57:46,-07:00,2025-05-02T19:57:46-07:00,0,28
projects/index.html,22,html,c25094e4,Karina Shah,2025-05-02,19:57:46,-07:00,2025-05-02T19:57:46-07:00,0,1
projects/index.html,23,html,c25094e4,Karina Shah,2025-05-02,19:57:46,-07:00,2025-05-02T19:57:46-07:00,0,0
projects/index.html,24,html,1e8b7c87,Karina Shah,2025-05-02,18:56:37,-07:00,2025-05-02T18:56:37-07:00,0,21
projects/index.html,25,html,1e8b7c87,Karina Shah,2025-05-02,18:56:37,-07:00,2025-05-02T18:56:37-07:00,0,21
projects/index.html,26,html,1e8b7c87,Karina Shah,2025-05-02,18:56:37,-07:00,2025-05-02T18:56:37-07:00,0,46
projects/index.html,27,html,5a52f354,Karina Shah,2025-05-02,18:54:40,-07:00,2025-05-02T18:54:40-07:00,0,5
projects/index.html,28,html,1e8b7c87,Karina Shah,2025-05-02,18:56:37,-07:00,2025-05-02T18:56:37-07:00,0,0
projects/index.html,29,html,d0f785ce,Karina Shah,2025-04-25,17:47:38,-07:00,2025-04-25T17:47:38-07:00,0,49
projects/index.html,30,html,d0f785ce,Karina Shah,2025-04-25,17:47:38,-07:00,2025-04-25T17:47:38-07:00,0,48
projects/index.html,31,html,36a19109,Karina Shah,2025-04-04,16:01:06,-07:00,2025-04-04T16:01:06-07:00,0,6
projects/index.html,32,html,36a19109,Karina Shah,2025-04-04,16:01:06,-07:00,2025-04-04T16:01:06-07:00,0,6
meta/index.html,1,html,6e0dac80,Karina Shah,2025-05-09,23:25:35,-07:00,2025-05-09T23:25:35-07:00,0,23
meta/index.html,2,html,6e0dac80,Karina Shah,2025-05-09,23:25:35,-07:00,2025-05-09T23:25:35-07:00,0,14
meta/index.html,3,html,6e0dac80,Karina Shah,2025-05-09,23:25:35,-07:00,2025-05-09T23:25:35-07:00,0,15
meta/index.html,4,html,6e0dac80,Karina Shah,2025-05-09,23:25:35,-07:00,2025-05-09T23:25:35-07:00,0,5
meta/index.html,5,html,6e0dac80,Karina Shah,2025-05-09,23:25:35,-07:00,2025-05-09T23:25:35-07:00,0,21
meta/index.html,6,html,4da1812d,Karina Shah,2025-05-09,23:33:49,-07:00,2025-05-09T23:33:49-07:00,0,18
meta/index.html,7,html,6e0dac80,Karina Shah,2025-05-09,23:25:35,-07:00,2025-05-09T23:25:35-07:00,0,42
meta/index.html,8,html,4da1812d,Karina Shah,2025-05-09,23:33:49,-07:00,2025-05-09T23:33:49-07:00,0,56
meta/index.html,9,html,6e0dac80,Karina Shah,2025-05-09,23:25:35,-07:00,2025-05-09T23:25:35-07:00,0,5
meta/index.html,10,html,6e0dac80,Karina Shah,2025-05-09,23:25:35,-07:00,2025-05-09T23:25:35-07:00,0,7
meta/index.html,11,html,6e0dac80,Karina Shah,2025-05-09,23:25:35,-07:00,2025-05-09T23:25:35-07:00,0,30
meta/index.html,12,html,6e0dac80,Karina Shah,2025-05-09,23:25:35,-07:00,2025-05-09T23:25:35-07:00,0,103
meta/index.html,13,html,6e0dac80,Karina Shah,2025-05-09,23:25:35,-07:00,2025-05-09T23:25:35-07:00,0,8
meta/index.html,14,html,6e0dac80,Karina Shah,2025-05-09,23:25:35,-07:00,2025-05-09T23:25:35-07:00,0,0
meta/index.html,15,html,6e0dac80,Karina Shah,2025-05-09,23:25:35,-07:00,2025-05-09T23:25:35-07:00,0,5
meta/index.html,16,html,6e0dac80,Karina Shah,2025-05-09,23:25:35,-07:00,2025-05-09T23:25:35-07:00,0,8
meta/index.html,17,html,6e0dac80,Karina Shah,2025-05-09,23:25:35,-07:00,2025-05-09T23:25:35-07:00,0,20
meta/index.html,18,html,6e0dac80,Karina Shah,2025-05-09,23:25:35,-07:00,2025-05-09T23:25:35-07:00,0,70
meta/index.html,19,html,6e0dac80,Karina Shah,2025-05-09,23:25:35,-07:00,2025-05-09T23:25:35-07:00,0,9
meta/index.html,20,html,6e0dac80,Karina Shah,2025-05-09,23:25:35,-07:00,2025-05-09T23:25:35-07:00,0,6
meta/index.html,21,html,6e0dac80,Karina Shah,2025-05-09,23:25:35,-07:00,2025-05-09T23:25:35-07:00,0,6
meta/index.html,22,html,6e0dac80,Karina Shah,2025-05-09,23:25:35,-07:00,2025-05-09T23:25:35-07:00,0,6
contact/index.html,1,html,e681916e,Karina Shah,2025-04-04,18:16:33,-07:00,2025-04-04T18:16:33-07:00,0,14
contact/index.html,2,html,36a19109,Karina Shah,2025-04-04,16:01:06,-07:00,2025-04-04T16:01:06-07:00,0,15
contact/index.html,3,html,36a19109,Karina Shah,2025-04-04,16:01:06,-07:00,2025-04-04T16:01:06-07:00,0,5
contact/index.html,4,html,36a19109,Karina Shah,2025-04-04,16:01:06,-07:00,2025-04-04T16:01:06-07:00,0,21
contact/index.html,5,html,36a19109,Karina Shah,2025-04-04,16:01:06,-07:00,2025-04-04T16:01:06-07:00,0,21
contact/index.html,6,html,7641baff,Karina Shah,2025-04-04,17:55:02,-07:00,2025-04-04T17:55:02-07:00,0,42
contact/index.html,7,html,fafa9d65,Karina Shah,2025-04-17,23:51:15,-07:00,2025-04-17T23:51:15-07:00,0,49
contact/index.html,8,html,36a19109,Karina Shah,2025-04-04,16:01:06,-07:00,2025-04-04T16:01:06-07:00,0,6
contact/index.html,9,html,36a19109,Karina Shah,2025-04-04,16:01:06,-07:00,2025-04-04T16:01:06-07:00,0,5
contact/index.html,10,html,36a19109,Karina Shah,2025-04-04,16:01:06,-07:00,2025-04-04T16:01:06-07:00,0,0
contact/index.html,11,html,d56d112b,Karina Shah,2025-04-09,22:23:53,-07:00,2025-04-09T22:23:53-07:00,0,18
contact/index.html,12,html,ba1a38fb,Karina Shah,2025-04-04,17:16:50,-07:00,2025-04-04T17:16:50-07:00,0,0
contact/index.html,13,html,6220d361,Karina Shah,2025-04-04,18:20:51,-07:00,2025-04-04T18:20:51-07:00,0,71
contact/index.html,14,html,ba1a38fb,Karina Shah,2025-04-04,17:16:50,-07:00,2025-04-04T17:16:50-07:00,0,6
contact/index.html,15,html,ba1a38fb,Karina Shah,2025-04-04,17:16:50,-07:00,2025-04-04T17:16:50-07:00,0,5
contact/index.html,16,html,ba1a38fb,Karina Shah,2025-04-04,17:16:50,-07:00,2025-04-04T17:16:50-07:00,0,41
contact/index.html,17,html,ba1a38fb,Karina Shah,2025-04-04,17:16:50,-07:00,2025-04-04T17:16:50-07:00,0,7
contact/index.html,18,html,ba1a38fb,Karina Shah,2025-04-04,17:16:50,-07:00,2025-04-04T17:16:50-07:00,0,7
contact/index.html,19,html,ba1a38fb,Karina Shah,2025-04-04,17:16:50,-07:00,2025-04-04T17:16:50-07:00,0,0
contact/index.html,20,html,ba1a38fb,Karina Shah,2025-04-04,17:16:50,-07:00,2025-04-04T17:16:50-07:00,0,6
contact/index.html,21,html,ba1a38fb,Karina Shah,2025-04-04,17:16:50,-07:00,2025-04-04T17:16:50-07:00,0,7
contact/index.html,22,html,ba1a38fb,Karina Shah,2025-04-04,17:16:50,-07:00,2025-04-04T17:16:50-07:00,0,30
contact/index.html,23,html,ba1a38fb,Karina Shah,2025-04-04,17:16:50,-07:00,2025-04-04T17:16:50-07:00,0,7
contact/index.html,24,html,ba1a38fb,Karina Shah,2025-04-04,17:16:50,-07:00,2025-04-04T17:16:50-07:00,0,7
contact/index.html,25,html,ba1a38fb,Karina Shah,2025-04-04,17:16:50,-07:00,2025-04-04T17:16:50-07:00,0,0
contact/index.html,26,html,ba1a38fb,Karina Shah,2025-04-04,17:16:50,-07:00,2025-04-04T17:16:50-07:00,0,6
contact/index.html,27,html,ba1a38fb,Karina Shah,2025-04-04,17:16:50,-07:00,2025-04-04T17:16:50-07:00,0,4
contact/index.html,28,html,ba1a38fb,Karina Shah,2025-04-04,17:16:50,-07:00,2025-04-04T17:16:50-07:00,0,60
contact/index.html,29,html,ba1a38fb,Karina Shah,2025-04-04,17:16:50,-07:00,2025-04-04T17:16:50-07:00,0,7
contact/index.html,30,html,ba1a38fb,Karina Shah,2025-04-04,17:16:50,-07:00,2025-04-04T17:16:50-07:00,0,7
contact/index.html,31,html,ba1a38fb,Karina Shah,2025-04-04,17:16:50,-07:00,2025-04-04T17:16:50-07:00,0,0
contact/index.html,32,html,e681916e,Karina Shah,2025-04-04,18:16:33,-07:00,2025-04-04T18:16:33-07:00,0,36
contact/index.html,33,html,e681916e,Karina Shah,2025-04-04,18:16:33,-07:00,2025-04-04T18:16:33-07:00,0,6
contact/index.html,34,html,c7ce0c1d,Karina Shah,2025-04-04,18:07:47,-07:00,2025-04-04T18:07:47-07:00,0,0
contact/index.html,35,html,36a19109,Karina Shah,2025-04-04,16:01:06,-07:00,2025-04-04T16:01:06-07:00,0,6
contact/index.html,36,html,e681916e,Karina Shah,2025-04-04,18:16:33,-07:00,2025-04-04T18:16:33-07:00,0,6
